user_id,site,campaign_type,device_os,hour_of_day,day_of_week,historical_open_rate,historical_push_count,days_since_last_open,segment,target_opened
U00000,sitioC,alerta,ios,17,4,0.8,88,26,C,0
U00001,sitioA,alerta,ios,19,3,0.18,98,21,B,0
U00002,sitioC,promo,windows,15,1,0.11,46,9,A,0
U00003,sitioC,promo,windows,7,4,0.88,70,28,B,0
U00004,sitioA,promo,windows,0,1,0.34,37,25,B,0
U00005,sitioA,info,ios,16,0,0.68,95,26,A,0
U00006,sitioC,promo,ios,11,1,0.03,66,11,B,0
U00007,sitioB,alerta,ios,20,6,0.69,61,13,A,0
U00008,sitioC,promo,windows,10,6,0.32,38,8,B,0
U00009,sitioC,alerta,ios,4,3,0.06,36,26,A,0
U00010,sitioC,info,android,11,2,0.61,85,12,C,0
U00011,sitioC,alerta,android,16,1,0.24,7,2,A,0
U00012,sitioA,alerta,ios,5,5,0.39,80,20,A,0
U00013,sitioC,promo,android,0,6,0.08,51,28,A,0
U00014,sitioB,promo,android,4,2,0.15,90,13,B,0
U00015,sitioA,alerta,windows,13,0,0.3,32,20,C,0
U00016,sitioB,promo,ios,4,4,0.09,80,9,B,0
U00017,sitioB,info,ios,21,4,0.91,41,15,B,0
U00018,sitioB,info,windows,23,6,0.01,75,6,A,0
U00019,sitioB,promo,android,0,2,0.48,26,3,B,0
U00020,sitioA,info,android,17,6,0.12,7,26,A,0
U00021,sitioA,promo,ios,15,4,0.31,22,19,C,0
U00022,sitioB,alerta,android,8,1,0.93,63,22,B,0
U00023,sitioB,alerta,windows,18,2,0.16,92,24,B,0
U00024,sitioA,info,windows,21,3,0.97,19,10,B,0
U00025,sitioA,promo,ios,4,1,0.21,15,15,A,0
U00026,sitioA,promo,windows,1,1,0.74,16,19,A,0
U00027,sitioC,info,windows,14,1,0.55,79,3,B,1
U00028,sitioC,alerta,ios,6,3,0.88,18,21,B,0
U00029,sitioC,info,windows,3,0,0.55,7,21,C,0
U00030,sitioB,alerta,windows,0,5,0.53,37,22,C,0
U00031,sitioC,promo,windows,12,6,0.2,37,16,C,0
U00032,sitioB,alerta,android,19,4,0.17,52,12,C,0
U00033,sitioB,info,ios,21,6,0.92,92,10,C,0
U00034,sitioC,promo,ios,6,2,0.33,99,29,A,0
U00035,sitioB,info,ios,14,0,0.37,89,2,C,0
U00036,sitioC,info,android,22,2,0.76,30,8,C,1
U00037,sitioC,alerta,android,13,6,0.34,43,5,B,0
U00038,sitioA,info,ios,22,4,0.95,59,21,A,0
U00039,sitioC,alerta,android,18,3,0.74,75,20,C,0
U00040,sitioA,promo,ios,21,6,0.6,16,10,C,0
U00041,sitioC,alerta,android,23,1,0.88,78,15,C,0
U00042,sitioC,promo,windows,19,6,0.05,72,18,B,0
U00043,sitioA,alerta,windows,23,1,0.26,38,26,B,0
U00044,sitioA,info,ios,17,3,0.47,41,4,B,0
U00045,sitioC,alerta,android,9,6,0.23,47,13,C,0
U00046,sitioB,alerta,android,8,0,0.74,11,16,B,0
U00047,sitioA,promo,windows,7,0,0.92,95,2,C,1
U00048,sitioB,info,windows,9,2,0.42,88,3,A,0
U00049,sitioB,alerta,android,16,3,0.34,17,15,C,0
U00050,sitioB,info,android,1,0,0.96,78,15,B,0
U00051,sitioA,alerta,android,5,6,0.44,95,20,A,0
U00052,sitioB,alerta,android,4,3,0.49,5,25,C,0
U00053,sitioA,info,android,8,4,0.35,42,24,A,0
U00054,sitioB,alerta,android,4,1,0.91,34,3,A,1
U00055,sitioC,info,ios,17,6,0.57,97,18,A,0
U00056,sitioC,alerta,android,19,1,0.76,53,25,C,0
U00057,sitioA,promo,windows,8,1,0.81,61,16,B,0
U00058,sitioC,info,ios,16,3,0.34,68,12,C,0
U00059,sitioC,alerta,android,16,3,0.43,81,25,B,0
U00060,sitioB,alerta,windows,11,2,0.85,15,21,C,0
U00061,sitioA,promo,ios,6,1,0.36,7,22,C,0
U00062,sitioB,info,windows,2,2,0.79,88,25,C,0
U00063,sitioB,alerta,android,9,1,0.94,95,23,B,0
U00064,sitioB,promo,android,1,2,0.62,89,27,C,0
U00065,sitioB,alerta,android,2,2,0.74,85,0,A,1
U00066,sitioB,info,android,15,4,0.81,30,11,C,0
U00067,sitioB,alerta,ios,1,2,0.85,9,3,A,1
U00068,sitioB,alerta,ios,23,3,0.4,55,10,B,0
U00069,sitioA,alerta,windows,9,2,0.05,75,4,B,0
U00070,sitioC,alerta,android,5,1,0.4,91,1,C,0
U00071,sitioB,promo,windows,21,2,0.67,69,16,C,0
U00072,sitioB,promo,ios,10,0,0.45,19,7,C,0
U00073,sitioB,info,android,22,5,0.75,4,5,A,1
U00074,sitioB,promo,android,6,1,0.36,22,20,B,0
U00075,sitioB,promo,ios,14,0,0.63,8,28,A,0
U00076,sitioB,info,ios,5,1,0.19,57,8,A,0
U00077,sitioC,promo,ios,19,3,0.75,58,12,C,0
U00078,sitioC,promo,ios,8,5,0.55,92,10,C,0
U00079,sitioB,info,ios,21,5,0.2,79,28,A,0
U00080,sitioC,info,android,19,3,0.29,53,15,A,0
U00081,sitioA,info,ios,11,5,0.75,45,15,C,0
U00082,sitioB,alerta,android,18,3,0.48,21,26,C,0
U00083,sitioA,alerta,android,19,0,0.22,63,1,A,0
U00084,sitioA,info,ios,2,4,0.97,7,9,C,1
U00085,sitioB,info,ios,14,1,0.72,19,11,C,0
U00086,sitioC,info,android,1,3,0.96,50,7,A,1
U00087,sitioA,alerta,ios,20,1,0.43,77,10,A,0
U00088,sitioB,alerta,ios,1,0,0.48,38,29,B,0
U00089,sitioA,promo,ios,21,4,0.9,36,9,A,1
U00090,sitioA,promo,windows,2,0,0.53,49,12,C,0
U00091,sitioA,info,android,5,5,0.71,33,24,A,0
U00092,sitioA,alerta,windows,14,1,0.25,74,16,A,0
U00093,sitioC,alerta,ios,9,6,0.45,32,6,A,0
U00094,sitioA,alerta,windows,8,4,0.12,30,23,B,0
U00095,sitioA,info,ios,0,5,0.21,53,2,B,0
U00096,sitioA,promo,windows,15,4,0.0,43,29,C,0
U00097,sitioC,info,ios,5,5,0.04,33,19,B,0
U00098,sitioA,promo,windows,8,0,0.98,70,12,A,0
U00099,sitioA,promo,windows,3,3,0.24,61,18,B,0
U00100,sitioC,info,windows,1,1,0.66,22,6,A,1
U00101,sitioC,promo,android,3,2,0.84,45,8,B,1
U00102,sitioC,promo,windows,0,2,0.55,55,18,B,0
U00103,sitioA,alerta,android,18,0,0.15,6,12,B,0
U00104,sitioC,promo,ios,9,1,0.73,88,21,A,0
U00105,sitioC,info,windows,20,1,0.6,60,7,B,1
U00106,sitioA,info,ios,14,0,0.73,2,21,A,0
U00107,sitioC,promo,ios,21,1,0.77,37,17,A,0
U00108,sitioA,alerta,windows,18,3,0.98,83,28,C,0
U00109,sitioB,alerta,android,15,0,0.57,33,22,B,0
U00110,sitioC,promo,windows,20,3,0.34,43,1,C,0
U00111,sitioB,promo,ios,23,1,0.65,29,17,C,0
U00112,sitioA,info,ios,21,0,0.07,16,17,A,0
U00113,sitioC,promo,windows,3,1,0.9,58,10,B,0
U00114,sitioA,alerta,android,1,0,0.12,9,0,A,0
U00115,sitioB,promo,android,12,1,0.33,98,13,A,0
U00116,sitioA,info,ios,0,3,0.82,83,15,B,0
U00117,sitioC,info,ios,16,6,0.6,17,10,A,0
U00118,sitioC,info,android,12,3,0.39,44,0,B,0
U00119,sitioB,info,windows,3,1,0.47,90,29,B,0
U00120,sitioA,info,ios,6,0,0.85,58,6,A,1
U00121,sitioC,promo,android,16,2,0.34,61,28,A,0
U00122,sitioB,promo,ios,8,3,0.87,58,15,C,0
U00123,sitioC,promo,windows,3,3,0.09,48,29,A,0
U00124,sitioC,promo,android,18,5,0.78,99,13,B,0
U00125,sitioA,info,ios,0,2,0.85,62,14,C,0
U00126,sitioC,alerta,windows,9,1,0.18,86,13,B,0
U00127,sitioA,promo,ios,3,6,0.43,31,27,C,0
U00128,sitioC,alerta,windows,8,0,0.17,9,20,A,0
U00129,sitioB,promo,windows,12,5,0.71,10,10,A,0
U00130,sitioC,promo,android,13,1,0.54,69,15,A,0
U00131,sitioA,alerta,windows,9,4,0.64,61,18,B,0
U00132,sitioA,info,ios,5,6,0.2,46,16,C,0
U00133,sitioB,promo,windows,15,3,0.21,33,26,B,0
U00134,sitioC,promo,windows,5,4,0.04,99,25,C,0
U00135,sitioC,promo,android,16,3,0.32,16,5,A,0
U00136,sitioB,alerta,windows,9,3,0.56,53,10,B,0
U00137,sitioC,info,windows,17,4,0.86,75,16,A,0
U00138,sitioC,alerta,ios,21,6,0.67,84,8,B,1
U00139,sitioA,alerta,android,17,4,0.44,39,17,A,0
U00140,sitioC,info,android,2,1,0.95,18,16,B,0
U00141,sitioC,alerta,android,19,5,0.72,66,11,B,0
U00142,sitioB,info,windows,20,5,0.93,81,22,C,0
U00143,sitioB,promo,android,14,4,0.53,52,21,A,0
U00144,sitioA,info,windows,14,1,0.26,63,21,C,0
U00145,sitioC,promo,windows,3,5,0.05,82,29,C,0
U00146,sitioC,alerta,ios,8,1,0.73,46,4,A,1
U00147,sitioC,alerta,ios,18,1,0.12,5,10,B,0
U00148,sitioA,promo,ios,23,3,0.3,15,3,C,0
U00149,sitioA,alerta,ios,16,5,0.53,71,26,A,0
U00150,sitioB,info,ios,10,5,0.56,17,3,B,1
U00151,sitioA,promo,windows,8,3,0.6,51,2,C,1
U00152,sitioC,alerta,windows,9,4,0.17,47,25,C,0
U00153,sitioC,promo,android,17,3,0.38,42,23,C,0
U00154,sitioA,info,windows,19,5,0.62,38,22,B,0
U00155,sitioC,info,windows,12,5,0.97,48,24,C,0
U00156,sitioC,alerta,ios,7,6,0.73,11,16,B,0
U00157,sitioA,info,windows,6,4,0.92,9,6,C,1
U00158,sitioA,promo,ios,16,3,0.76,70,25,A,0
U00159,sitioC,info,android,20,0,0.59,54,3,C,1
U00160,sitioC,promo,android,22,0,0.19,0,22,A,0
U00161,sitioC,promo,windows,14,4,0.67,48,12,A,0
U00162,sitioB,info,android,19,3,0.62,35,11,A,0
U00163,sitioB,alerta,windows,14,3,0.6,20,0,B,1
U00164,sitioB,info,android,0,1,0.49,36,20,A,0
U00165,sitioA,promo,ios,13,5,0.53,23,18,C,0
U00166,sitioB,promo,ios,4,2,0.33,54,20,B,0
U00167,sitioA,info,ios,10,6,0.52,24,19,A,0
U00168,sitioA,alerta,ios,15,4,0.2,6,17,B,0
U00169,sitioB,alerta,windows,1,2,0.81,80,10,B,0
U00170,sitioB,promo,android,7,2,0.19,92,19,B,0
U00171,sitioB,promo,windows,10,4,0.08,93,2,C,0
U00172,sitioC,alerta,ios,17,3,0.44,70,28,A,0
U00173,sitioB,info,windows,2,4,0.66,96,16,B,0
U00174,sitioC,promo,android,0,2,0.44,70,11,B,0
U00175,sitioA,promo,windows,10,5,0.28,23,9,B,0
U00176,sitioC,alerta,android,15,6,0.56,10,7,A,1
U00177,sitioB,info,windows,17,6,0.35,72,14,B,0
U00178,sitioA,alerta,android,15,5,0.93,11,4,B,1
U00179,sitioA,info,android,22,5,0.92,34,3,C,1
U00180,sitioA,info,ios,9,3,0.5,62,25,A,0
U00181,sitioC,info,android,17,0,0.33,67,27,C,0
U00182,sitioB,promo,ios,5,4,0.74,99,20,A,0
U00183,sitioA,alerta,ios,18,6,0.04,91,19,A,0
U00184,sitioA,alerta,ios,3,5,0.47,56,18,A,0
U00185,sitioA,info,windows,12,4,0.34,12,20,C,0
U00186,sitioC,promo,windows,23,6,0.92,22,3,C,1
U00187,sitioC,promo,windows,13,5,0.01,82,14,C,0
U00188,sitioB,alerta,windows,2,6,0.55,38,16,C,0
U00189,sitioC,promo,android,9,3,0.74,87,11,B,0
U00190,sitioA,promo,android,5,0,0.49,79,2,B,0
U00191,sitioB,info,windows,0,0,0.09,96,9,B,0
U00192,sitioA,promo,android,22,5,0.97,11,14,A,0
U00193,sitioA,info,android,23,6,0.52,33,9,B,1
U00194,sitioC,alerta,ios,13,3,0.61,70,23,A,0
U00195,sitioB,promo,ios,7,1,0.24,74,22,C,0
U00196,sitioC,alerta,ios,18,4,0.48,30,17,A,0
U00197,sitioC,alerta,ios,13,4,0.43,92,0,A,0
U00198,sitioB,promo,android,9,2,0.07,61,2,B,0
U00199,sitioA,promo,windows,16,3,0.11,12,20,C,0
U00200,sitioA,alerta,android,8,6,0.84,30,25,C,0
U00201,sitioB,promo,android,5,2,0.24,1,26,B,0
U00202,sitioA,info,android,10,5,0.19,14,11,C,0
U00203,sitioB,info,ios,6,6,0.5,56,0,C,0
U00204,sitioB,promo,ios,16,2,0.77,74,2,C,1
U00205,sitioC,alerta,ios,0,0,0.06,33,2,B,0
U00206,sitioB,promo,windows,21,4,0.58,67,4,C,1
U00207,sitioC,promo,android,4,6,0.12,74,18,A,0
U00208,sitioA,alerta,windows,8,2,0.04,28,28,A,0
U00209,sitioA,alerta,ios,17,0,0.05,65,24,C,0
U00210,sitioA,info,windows,23,3,0.83,15,0,B,1
U00211,sitioA,alerta,android,20,2,0.12,38,3,B,0
U00212,sitioC,info,android,1,5,0.05,76,28,B,0
U00213,sitioA,alerta,ios,10,5,0.44,36,28,C,0
U00214,sitioB,promo,ios,5,5,0.84,80,25,C,0
U00215,sitioB,info,windows,7,6,0.26,20,25,A,0
U00216,sitioB,info,ios,3,4,0.42,43,3,B,0
U00217,sitioC,info,ios,17,2,0.04,18,16,A,0
U00218,sitioA,promo,android,10,3,0.45,70,13,A,0
U00219,sitioA,promo,ios,4,2,0.58,7,17,B,0
U00220,sitioA,promo,ios,14,4,0.57,76,26,C,0
U00221,sitioC,promo,android,17,0,0.33,65,0,C,0
U00222,sitioB,promo,android,1,4,0.32,40,21,A,0
U00223,sitioB,info,windows,21,5,0.11,74,15,A,0
U00224,sitioA,promo,ios,10,6,0.37,87,2,A,0
U00225,sitioB,info,android,12,0,0.1,69,22,A,0
U00226,sitioB,promo,windows,3,6,0.77,60,20,B,0
U00227,sitioC,alerta,windows,21,5,0.97,25,8,A,1
U00228,sitioC,info,ios,6,1,0.97,70,22,A,0
U00229,sitioC,alerta,ios,10,4,0.87,82,3,C,1
U00230,sitioC,info,windows,21,4,0.6,69,20,C,0
U00231,sitioA,alerta,android,23,3,0.7,28,4,C,1
U00232,sitioC,promo,windows,3,2,0.29,65,10,B,0
U00233,sitioB,promo,ios,14,0,0.63,18,20,B,0
U00234,sitioA,promo,android,0,6,0.46,67,25,C,0
U00235,sitioB,info,android,22,0,0.48,57,8,C,0
U00236,sitioB,alerta,windows,2,3,0.76,69,25,A,0
U00237,sitioB,promo,ios,13,3,0.28,56,2,A,0
U00238,sitioC,alerta,windows,5,6,0.32,36,5,B,0
U00239,sitioC,alerta,windows,17,2,0.92,60,23,B,0
U00240,sitioA,promo,windows,0,6,0.06,91,10,A,0
U00241,sitioA,promo,android,5,6,0.49,29,8,C,0
U00242,sitioC,alerta,android,5,5,0.91,70,28,A,0
U00243,sitioB,promo,ios,20,2,0.61,72,14,B,0
U00244,sitioA,promo,ios,15,4,0.55,24,22,B,0
U00245,sitioC,promo,windows,4,5,0.25,96,27,A,0
U00246,sitioC,info,windows,16,1,0.34,64,2,A,0
U00247,sitioC,alerta,windows,9,2,0.85,5,0,A,1
U00248,sitioB,alerta,ios,20,3,0.56,17,19,B,0
U00249,sitioC,info,android,17,5,0.51,9,28,C,0
U00250,sitioC,alerta,android,6,2,0.1,91,21,A,0
U00251,sitioC,promo,windows,2,0,0.02,10,18,B,0
U00252,sitioC,alerta,windows,12,6,0.96,96,13,B,0
U00253,sitioA,promo,windows,14,1,0.38,64,16,B,0
U00254,sitioA,info,windows,19,4,0.6,76,21,A,0
U00255,sitioC,promo,ios,18,6,0.08,83,13,A,0
U00256,sitioB,alerta,android,2,0,0.68,64,16,C,0
U00257,sitioA,alerta,windows,3,0,0.93,51,24,B,0
U00258,sitioC,alerta,ios,4,1,0.58,66,26,A,0
U00259,sitioA,info,windows,0,4,0.13,81,13,B,0
U00260,sitioA,info,windows,3,3,0.58,77,11,B,0
U00261,sitioB,alerta,android,11,5,0.77,30,15,C,0
U00262,sitioC,promo,windows,23,4,0.41,90,0,A,0
U00263,sitioC,info,android,9,2,0.88,16,12,A,0
U00264,sitioB,alerta,android,22,0,0.65,54,5,B,1
U00265,sitioB,alerta,android,20,2,0.9,92,16,B,0
U00266,sitioC,info,ios,19,3,0.62,35,11,C,0
U00267,sitioC,info,ios,23,2,0.13,25,22,C,0
U00268,sitioB,info,android,12,4,0.31,52,18,C,0
U00269,sitioA,promo,windows,22,2,0.2,16,5,C,0
U00270,sitioA,promo,android,13,3,0.91,85,6,C,1
U00271,sitioB,alerta,windows,22,3,0.76,24,0,C,1
U00272,sitioA,info,android,4,3,0.68,1,0,B,1
U00273,sitioB,promo,windows,3,4,0.3,85,28,C,0
U00274,sitioA,info,ios,13,3,0.18,4,4,B,0
U00275,sitioA,alerta,windows,9,0,0.76,3,5,B,1
U00276,sitioC,promo,android,16,6,0.47,35,15,A,0
U00277,sitioC,promo,ios,9,3,0.23,5,24,B,0
U00278,sitioA,promo,windows,6,2,0.62,20,15,B,0
U00279,sitioA,alerta,windows,15,5,0.04,76,13,C,0
U00280,sitioC,info,windows,0,2,0.33,88,0,B,0
U00281,sitioC,promo,windows,16,5,0.47,25,12,C,0
U00282,sitioC,alerta,windows,20,2,0.15,54,19,C,0
U00283,sitioB,info,ios,8,4,0.98,38,9,C,1
U00284,sitioA,alerta,ios,5,2,0.21,83,23,A,0
U00285,sitioC,info,ios,18,4,0.13,32,9,C,0
U00286,sitioA,alerta,ios,12,4,0.2,13,8,B,0
U00287,sitioB,info,android,2,3,0.77,55,12,C,0
U00288,sitioB,promo,ios,6,0,0.43,99,2,C,0
U00289,sitioC,info,windows,21,5,0.57,80,26,C,0
U00290,sitioB,alerta,windows,8,3,0.02,20,17,A,0
U00291,sitioA,alerta,ios,21,3,0.03,45,19,B,0
U00292,sitioC,info,windows,4,6,0.45,15,1,A,0
U00293,sitioA,promo,ios,9,4,0.82,15,16,B,0
U00294,sitioA,promo,windows,22,4,0.89,83,27,A,0
U00295,sitioB,info,android,16,5,0.09,28,18,B,0
U00296,sitioB,info,android,11,2,0.54,91,22,A,0
U00297,sitioB,alerta,ios,22,2,0.91,7,12,C,0
U00298,sitioB,promo,ios,15,3,0.39,87,12,A,0
U00299,sitioB,info,ios,2,1,0.83,2,0,A,1
U00300,sitioC,promo,windows,21,1,0.13,88,1,C,0
U00301,sitioA,info,ios,8,2,0.94,18,0,C,1
U00302,sitioA,info,android,14,1,0.75,96,23,B,0
U00303,sitioA,promo,windows,4,6,0.94,65,4,B,1
U00304,sitioA,info,ios,22,2,0.68,78,23,B,0
U00305,sitioB,info,windows,12,4,0.36,85,2,A,0
U00306,sitioA,alerta,windows,13,3,0.94,73,28,B,0
U00307,sitioC,info,ios,19,0,0.28,81,27,A,0
U00308,sitioC,info,windows,14,3,0.33,21,6,A,0
U00309,sitioA,info,android,15,2,0.7,45,23,B,0
U00310,sitioA,alerta,android,22,6,0.77,90,21,B,0
U00311,sitioC,promo,windows,12,2,0.93,12,12,A,0
U00312,sitioC,alerta,ios,16,3,0.2,32,28,C,0
U00313,sitioB,alerta,windows,22,6,0.8,4,22,C,0
U00314,sitioC,promo,android,7,6,0.74,89,29,A,0
U00315,sitioB,alerta,windows,20,6,0.06,76,27,B,0
U00316,sitioB,promo,windows,1,5,0.39,26,17,A,0
U00317,sitioB,alerta,android,4,2,0.28,77,23,A,0
U00318,sitioB,promo,windows,5,1,0.3,23,20,B,0
U00319,sitioB,info,windows,11,1,0.98,66,6,C,1
U00320,sitioA,alerta,ios,17,2,0.64,62,0,A,1
U00321,sitioC,alerta,ios,21,2,0.72,93,4,C,1
U00322,sitioB,alerta,android,21,5,0.98,98,16,C,0
U00323,sitioC,alerta,android,0,1,0.38,47,27,B,0
U00324,sitioC,info,android,16,2,0.8,62,28,A,0
U00325,sitioB,alerta,ios,10,2,0.43,77,7,A,0
U00326,sitioA,info,android,9,5,0.87,11,14,C,0
U00327,sitioB,info,android,18,5,0.18,27,19,C,0
U00328,sitioA,info,android,13,3,0.95,43,3,B,1
U00329,sitioC,info,ios,9,5,0.22,92,1,C,0
U00330,sitioA,promo,windows,14,0,0.33,42,4,B,0
U00331,sitioA,promo,android,18,1,0.76,16,0,A,1
U00332,sitioA,alerta,windows,3,3,0.39,39,24,B,0
U00333,sitioC,promo,android,1,0,0.61,48,4,C,1
U00334,sitioC,promo,windows,8,2,0.44,84,5,A,0
U00335,sitioA,alerta,ios,9,2,0.74,56,1,B,1
U00336,sitioA,alerta,ios,10,3,0.23,86,25,A,0
U00337,sitioB,alerta,android,13,5,0.06,83,25,B,0
U00338,sitioA,promo,windows,6,6,0.3,63,0,C,0
U00339,sitioB,promo,ios,22,6,0.47,74,3,C,0
U00340,sitioA,alerta,android,14,2,0.17,56,6,A,0
U00341,sitioB,info,android,21,6,0.35,97,21,A,0
U00342,sitioC,alerta,ios,18,4,0.4,73,25,A,0
U00343,sitioA,info,ios,21,3,0.06,73,0,B,0
U00344,sitioA,info,android,14,0,0.58,69,0,C,1
U00345,sitioA,alerta,windows,23,3,0.88,99,7,A,1
U00346,sitioA,alerta,windows,7,1,0.15,87,19,A,0
U00347,sitioB,alerta,windows,10,5,0.6,75,15,A,0
U00348,sitioA,promo,android,8,5,0.66,42,20,B,0
U00349,sitioC,info,ios,14,3,0.42,22,12,A,0
U00350,sitioC,promo,android,0,2,0.7,26,22,A,0
U00351,sitioA,promo,ios,0,2,0.41,57,23,B,0
U00352,sitioC,alerta,windows,18,4,0.5,36,25,B,0
U00353,sitioA,promo,windows,2,4,0.01,5,22,A,0
U00354,sitioA,alerta,ios,9,5,0.69,64,17,A,0
U00355,sitioC,info,ios,7,4,0.66,5,29,B,0
U00356,sitioA,alerta,android,14,0,0.04,49,19,C,0
U00357,sitioC,promo,windows,9,4,0.37,21,9,B,0
U00358,sitioB,promo,android,0,0,0.98,87,11,C,0
U00359,sitioA,alerta,android,17,4,0.42,24,0,A,0
U00360,sitioB,alerta,android,1,5,0.5,78,9,A,0
U00361,sitioC,promo,windows,18,5,0.91,89,8,C,1
U00362,sitioB,info,android,12,0,0.72,71,2,B,1
U00363,sitioB,info,android,21,3,0.58,50,27,A,0
U00364,sitioC,alerta,android,0,5,0.8,87,18,C,0
U00365,sitioB,info,android,1,3,0.86,47,25,B,0
U00366,sitioB,promo,android,15,2,0.46,69,8,C,0
U00367,sitioC,alerta,android,14,0,0.48,98,9,B,0
U00368,sitioB,promo,windows,12,6,0.39,64,18,B,0
U00369,sitioC,promo,android,15,5,0.97,59,15,B,0
U00370,sitioB,info,ios,16,1,0.7,45,23,B,0
U00371,sitioC,alerta,android,20,2,0.08,35,17,C,0
U00372,sitioC,alerta,android,6,3,0.86,57,13,C,0
U00373,sitioB,info,windows,23,5,0.48,75,28,C,0
U00374,sitioB,promo,windows,16,0,0.07,37,2,C,0
U00375,sitioB,promo,ios,6,6,0.55,10,1,C,1
U00376,sitioA,promo,ios,12,4,0.42,11,0,B,0
U00377,sitioA,promo,windows,4,6,0.88,41,17,A,0
U00378,sitioA,alerta,windows,16,1,0.2,38,23,A,0
U00379,sitioC,alerta,android,2,3,0.83,70,8,C,1
U00380,sitioB,info,windows,6,2,0.56,10,12,C,0
U00381,sitioC,info,ios,16,6,0.05,35,1,A,0
U00382,sitioA,alerta,android,6,0,0.97,51,6,B,1
U00383,sitioB,alerta,ios,20,1,0.51,30,15,C,0
U00384,sitioC,promo,android,0,0,0.29,32,20,B,0
U00385,sitioB,promo,windows,16,5,0.47,12,18,A,0
U00386,sitioC,info,ios,16,4,0.86,17,24,A,0
U00387,sitioB,alerta,android,10,2,0.3,40,14,C,0
U00388,sitioA,info,android,2,0,0.19,57,21,B,0
U00389,sitioA,alerta,windows,14,3,0.13,55,10,C,0
U00390,sitioB,promo,windows,20,5,0.3,23,0,A,0
U00391,sitioC,info,windows,10,5,0.78,72,20,B,0
U00392,sitioA,info,ios,15,2,0.47,30,6,C,0
U00393,sitioA,alerta,android,21,5,0.23,54,19,C,0
U00394,sitioA,promo,windows,8,3,0.17,9,7,C,0
U00395,sitioB,info,ios,23,0,0.33,59,9,A,0
U00396,sitioB,promo,ios,23,2,0.94,1,4,C,1
U00397,sitioC,info,ios,0,5,0.34,14,8,B,0
U00398,sitioC,promo,windows,21,5,0.99,2,24,C,0
U00399,sitioC,alerta,windows,15,3,0.49,42,24,A,0
U00400,sitioB,info,android,8,4,0.18,30,0,C,0
U00401,sitioB,info,android,18,4,0.89,69,1,A,1
U00402,sitioC,promo,windows,11,6,0.46,66,18,A,0
U00403,sitioC,promo,ios,18,5,0.71,55,13,B,0
U00404,sitioB,info,ios,21,0,0.98,62,19,B,0
U00405,sitioC,alerta,ios,8,2,0.05,74,9,C,0
U00406,sitioA,promo,android,6,5,0.1,14,8,A,0
U00407,sitioB,promo,ios,13,1,0.72,91,9,A,1
U00408,sitioC,promo,android,18,2,0.28,9,28,B,0
U00409,sitioB,info,android,18,6,0.18,37,5,B,0
U00410,sitioA,info,ios,1,4,0.04,46,16,C,0
U00411,sitioB,info,ios,8,5,0.02,56,27,A,0
U00412,sitioB,info,windows,12,3,0.77,49,24,B,0
U00413,sitioB,alerta,windows,14,1,0.13,70,5,C,0
U00414,sitioB,alerta,ios,2,5,0.47,14,3,A,0
U00415,sitioA,info,android,10,6,0.61,17,29,A,0
U00416,sitioB,alerta,android,20,0,0.43,81,19,B,0
U00417,sitioB,promo,android,13,1,0.03,87,2,C,0
U00418,sitioC,promo,android,7,6,0.78,1,22,B,0
U00419,sitioB,promo,android,17,5,0.01,83,18,C,0
U00420,sitioC,info,windows,18,0,0.76,97,17,A,0
U00421,sitioA,promo,ios,15,1,0.89,42,25,C,0
U00422,sitioA,alerta,windows,1,0,0.43,25,23,C,0
U00423,sitioA,info,android,7,0,0.54,70,3,C,1
U00424,sitioA,alerta,android,21,1,0.48,37,7,C,0
U00425,sitioC,promo,android,5,1,0.39,93,16,C,0
U00426,sitioB,promo,android,11,0,0.89,41,4,B,1
U00427,sitioA,promo,ios,14,6,0.89,4,12,C,0
U00428,sitioB,info,android,7,4,0.34,10,24,C,0
U00429,sitioC,alerta,ios,3,1,0.62,64,0,A,1
U00430,sitioC,info,android,14,5,0.93,33,26,C,0
U00431,sitioC,info,ios,19,2,0.96,0,12,A,0
U00432,sitioA,promo,windows,16,3,0.51,82,3,B,1
U00433,sitioB,info,android,12,0,0.45,1,21,B,0
U00434,sitioB,info,ios,17,0,0.28,84,25,C,0
U00435,sitioB,promo,windows,1,3,0.96,19,23,B,0
U00436,sitioC,info,android,12,4,0.14,60,13,C,0
U00437,sitioA,promo,android,12,3,0.58,86,2,B,1
U00438,sitioC,promo,android,21,1,0.28,20,4,C,0
U00439,sitioC,promo,ios,14,3,0.28,87,6,C,0
U00440,sitioB,promo,ios,19,0,0.4,67,0,A,0
U00441,sitioC,info,windows,9,3,1.0,11,22,A,0
U00442,sitioB,promo,ios,2,2,0.05,21,28,A,0
U00443,sitioA,promo,ios,18,5,0.58,19,11,A,0
U00444,sitioB,info,android,2,1,0.08,81,10,C,0
U00445,sitioA,info,android,21,3,0.15,0,23,B,0
U00446,sitioB,alerta,android,13,0,0.44,29,7,C,0
U00447,sitioC,info,android,7,6,0.51,96,24,A,0
U00448,sitioC,info,android,22,5,0.26,23,5,A,0
U00449,sitioA,alerta,android,3,1,0.32,13,27,B,0
U00450,sitioA,info,android,19,0,0.09,35,21,A,0
U00451,sitioA,info,windows,10,4,0.3,68,1,C,0
U00452,sitioB,info,windows,10,2,0.97,74,18,C,0
U00453,sitioB,info,windows,10,4,0.94,23,19,C,0
U00454,sitioA,alerta,windows,1,2,0.33,59,19,C,0
U00455,sitioC,info,android,16,3,0.57,94,23,C,0
U00456,sitioB,info,windows,8,1,0.91,54,13,B,0
U00457,sitioB,alerta,android,1,3,0.01,76,0,C,0
U00458,sitioB,promo,windows,23,2,0.81,79,9,A,1
U00459,sitioA,alerta,ios,14,2,0.95,23,15,A,0
U00460,sitioA,promo,windows,15,2,0.09,76,29,A,0
U00461,sitioA,alerta,windows,3,5,0.16,23,3,A,0
U00462,sitioA,alerta,android,7,0,0.96,53,26,B,0
U00463,sitioA,info,windows,8,1,0.54,25,27,A,0
U00464,sitioC,promo,ios,4,3,0.01,65,28,B,0
U00465,sitioC,info,android,15,3,0.26,79,10,A,0
U00466,sitioA,promo,android,12,4,0.45,37,15,B,0
U00467,sitioB,alerta,windows,6,2,0.69,64,26,B,0
U00468,sitioA,alerta,android,19,6,0.73,74,19,B,0
U00469,sitioC,promo,android,16,2,1.0,50,0,A,1
U00470,sitioC,info,android,2,2,0.29,34,15,B,0
U00471,sitioB,info,android,4,6,0.54,42,18,C,0
U00472,sitioC,info,android,18,3,0.53,28,20,C,0
U00473,sitioA,info,android,11,4,0.41,36,21,A,0
U00474,sitioB,alerta,ios,6,0,0.17,80,8,C,0
U00475,sitioA,alerta,windows,8,6,0.98,57,8,C,1
U00476,sitioA,alerta,ios,5,5,0.85,53,8,C,1
U00477,sitioB,alerta,android,16,1,0.5,38,26,A,0
U00478,sitioA,alerta,android,15,6,0.6,41,16,A,0
U00479,sitioC,info,windows,22,0,0.23,27,11,C,0
U00480,sitioA,info,ios,2,3,0.54,28,24,A,0
U00481,sitioB,info,windows,20,5,0.69,42,12,B,0
U00482,sitioB,info,ios,3,5,0.52,2,7,C,1
U00483,sitioB,alerta,android,9,5,0.99,9,15,A,0
U00484,sitioA,alerta,windows,4,2,0.61,58,17,A,0
U00485,sitioB,alerta,windows,20,1,0.37,13,28,C,0
U00486,sitioB,promo,android,21,3,0.77,75,26,A,0
U00487,sitioA,info,windows,9,3,0.17,46,0,C,0
U00488,sitioC,info,ios,11,5,0.38,41,0,A,0
U00489,sitioA,alerta,ios,9,3,0.35,93,11,B,0
U00490,sitioB,info,ios,12,1,0.43,31,5,C,0
U00491,sitioB,info,ios,10,1,0.78,31,8,B,1
U00492,sitioA,alerta,android,21,4,0.48,41,22,C,0
U00493,sitioC,promo,windows,15,6,0.79,31,4,A,1
U00494,sitioB,promo,ios,7,6,0.58,25,26,B,0
U00495,sitioB,promo,android,7,4,0.34,0,15,A,0
U00496,sitioB,alerta,windows,7,0,0.81,55,17,C,0
U00497,sitioA,info,windows,12,6,0.24,1,16,C,0
U00498,sitioB,alerta,android,1,1,0.22,80,17,C,0
U00499,sitioC,alerta,android,11,1,0.5,29,0,C,0
U00500,sitioB,info,ios,9,6,0.26,70,18,C,0
U00501,sitioB,promo,windows,11,1,0.01,51,21,B,0
U00502,sitioC,promo,windows,10,4,0.65,90,28,C,0
U00503,sitioB,alerta,android,14,5,0.51,8,7,A,1
U00504,sitioA,promo,windows,15,5,0.45,21,2,B,0
U00505,sitioA,alerta,ios,16,3,0.97,33,25,A,0
U00506,sitioA,alerta,windows,1,5,0.57,48,24,C,0
U00507,sitioC,info,android,17,2,0.86,0,25,A,0
U00508,sitioB,info,android,11,4,0.14,72,4,B,0
U00509,sitioA,info,ios,18,1,0.57,83,22,B,0
U00510,sitioC,alerta,ios,22,6,0.87,52,7,B,1
U00511,sitioB,info,windows,17,5,0.58,82,18,A,0
U00512,sitioC,promo,windows,16,4,0.72,99,17,B,0
U00513,sitioA,promo,android,5,5,0.37,39,17,A,0
U00514,sitioA,alerta,ios,14,0,0.09,44,20,C,0
U00515,sitioA,alerta,ios,2,1,0.46,67,0,C,0
U00516,sitioC,info,ios,5,0,0.39,8,14,A,0
U00517,sitioC,alerta,windows,2,1,0.87,21,17,B,0
U00518,sitioA,alerta,ios,0,4,0.24,17,28,A,0
U00519,sitioC,promo,android,12,3,0.97,75,24,A,0
U00520,sitioA,promo,android,20,5,0.96,42,6,A,1
U00521,sitioA,info,windows,13,5,0.25,38,15,C,0
U00522,sitioB,alerta,windows,12,2,0.35,72,15,A,0
U00523,sitioC,alerta,ios,3,6,0.9,5,14,C,0
U00524,sitioA,promo,windows,6,0,0.97,82,5,A,1
U00525,sitioA,alerta,android,21,5,0.44,47,8,C,0
U00526,sitioC,promo,ios,9,4,0.32,6,6,A,0
U00527,sitioB,info,android,6,3,0.53,79,13,A,0
U00528,sitioB,promo,ios,20,6,0.69,68,10,B,0
U00529,sitioA,alerta,windows,14,4,0.27,15,20,B,0
U00530,sitioC,info,ios,14,0,0.74,0,15,A,0
U00531,sitioB,promo,ios,3,2,0.05,36,24,A,0
U00532,sitioC,promo,android,22,5,0.05,82,5,A,0
U00533,sitioC,info,android,22,4,0.39,36,21,A,0
U00534,sitioA,info,ios,5,6,0.35,80,26,B,0
U00535,sitioB,promo,windows,23,1,0.32,63,15,C,0
U00536,sitioA,alerta,windows,19,3,0.49,89,19,A,0
U00537,sitioB,promo,android,4,6,0.32,85,28,B,0
U00538,sitioB,info,windows,19,4,0.19,61,15,A,0
U00539,sitioB,promo,android,11,3,0.31,71,11,A,0
U00540,sitioB,info,windows,0,5,0.97,60,16,C,0
U00541,sitioB,info,ios,7,1,0.41,32,4,A,0
U00542,sitioC,alerta,android,0,2,0.44,65,26,A,0
U00543,sitioA,info,android,4,6,0.58,29,24,C,0
U00544,sitioC,info,ios,21,2,0.98,19,12,C,0
U00545,sitioB,alerta,android,5,1,0.24,59,7,C,0
U00546,sitioA,info,windows,20,3,0.68,81,23,C,0
U00547,sitioB,alerta,windows,2,5,0.72,73,4,B,1
U00548,sitioA,alerta,android,14,4,0.61,23,11,B,0
U00549,sitioC,info,windows,4,1,0.09,3,8,B,0
U00550,sitioA,info,android,23,0,0.68,36,2,A,1
U00551,sitioA,promo,ios,13,3,0.06,3,2,C,0
U00552,sitioA,alerta,android,17,2,0.6,76,0,C,1
U00553,sitioA,promo,ios,15,6,0.74,88,24,B,0
U00554,sitioA,info,windows,5,1,0.21,76,21,A,0
U00555,sitioB,promo,ios,23,2,0.84,17,17,A,0
U00556,sitioA,alerta,windows,13,3,0.03,87,23,A,0
U00557,sitioA,promo,android,23,2,0.84,65,11,B,0
U00558,sitioC,alerta,windows,7,1,0.46,47,8,A,0
U00559,sitioA,info,android,6,3,0.22,32,8,A,0
U00560,sitioC,info,android,7,0,0.13,57,17,A,0
U00561,sitioB,alerta,ios,12,1,0.95,82,17,C,0
U00562,sitioA,info,ios,5,4,0.07,72,28,B,0
U00563,sitioC,info,ios,17,5,0.2,27,6,C,0
U00564,sitioC,info,ios,1,1,0.35,34,26,C,0
U00565,sitioB,info,windows,7,3,0.62,9,3,B,1
U00566,sitioA,alerta,windows,10,6,0.54,64,12,C,0
U00567,sitioA,promo,windows,0,5,0.13,41,16,A,0
U00568,sitioC,promo,android,21,1,0.29,84,23,A,0
U00569,sitioA,info,windows,5,0,0.24,8,1,A,0
U00570,sitioC,promo,windows,15,6,0.21,59,13,A,0
U00571,sitioA,promo,windows,19,0,0.41,14,2,B,0
U00572,sitioC,info,ios,11,4,0.7,98,4,C,1
U00573,sitioA,info,windows,10,6,0.22,56,13,C,0
U00574,sitioB,promo,android,9,2,0.37,68,2,A,0
U00575,sitioA,alerta,ios,2,6,0.39,21,22,A,0
U00576,sitioA,info,android,12,5,0.98,63,6,C,1
U00577,sitioB,alerta,windows,2,6,0.95,40,29,B,0
U00578,sitioA,promo,ios,14,3,0.8,86,17,C,0
U00579,sitioB,info,android,15,3,0.24,70,12,A,0
U00580,sitioA,alerta,windows,12,2,0.07,55,28,A,0
U00581,sitioC,info,android,16,6,0.32,22,22,B,0
U00582,sitioC,promo,android,2,0,0.27,24,26,C,0
U00583,sitioA,alerta,android,19,0,0.51,90,21,B,0
U00584,sitioA,promo,windows,10,1,0.78,5,9,B,1
U00585,sitioA,promo,windows,20,4,0.86,33,24,A,0
U00586,sitioC,info,android,18,5,0.84,62,12,C,0
U00587,sitioA,alerta,ios,21,4,0.36,8,15,A,0
U00588,sitioC,promo,ios,10,6,0.69,59,8,C,1
U00589,sitioB,promo,windows,15,4,0.31,48,1,A,0
U00590,sitioC,alerta,windows,20,1,0.06,96,22,A,0
U00591,sitioC,promo,windows,2,4,0.7,50,4,C,1
U00592,sitioB,promo,windows,21,2,0.01,59,28,C,0
U00593,sitioC,alerta,windows,5,1,0.41,69,21,A,0
U00594,sitioA,alerta,ios,13,2,0.33,36,16,C,0
U00595,sitioA,alerta,windows,23,6,0.69,30,22,A,0
U00596,sitioC,alerta,android,17,1,0.77,97,21,C,0
U00597,sitioA,info,android,16,6,0.3,40,3,A,0
U00598,sitioC,alerta,ios,3,6,0.81,61,16,A,0
U00599,sitioA,info,android,22,4,0.29,92,8,A,0
U00600,sitioA,info,ios,14,2,0.45,57,19,B,0
U00601,sitioC,info,ios,10,6,0.73,13,1,C,1
U00602,sitioA,promo,android,2,2,0.69,35,23,A,0
U00603,sitioC,info,windows,2,2,0.99,35,17,B,0
U00604,sitioA,info,android,15,1,0.23,78,20,A,0
U00605,sitioA,promo,android,4,3,0.66,7,26,B,0
U00606,sitioB,promo,ios,20,4,0.61,25,21,A,0
U00607,sitioB,promo,android,9,6,0.92,35,10,A,0
U00608,sitioC,alerta,ios,18,2,0.16,47,12,B,0
U00609,sitioB,promo,windows,3,5,0.75,84,7,B,1
U00610,sitioC,promo,windows,18,3,0.57,27,26,C,0
U00611,sitioB,info,windows,10,6,0.27,67,0,C,0
U00612,sitioA,promo,android,1,5,0.47,61,16,B,0
U00613,sitioC,alerta,ios,9,4,0.33,79,11,C,0
U00614,sitioC,promo,windows,10,4,0.58,85,3,B,1
U00615,sitioA,alerta,ios,19,2,0.89,75,20,C,0
U00616,sitioC,promo,ios,15,2,0.57,79,12,A,0
U00617,sitioC,promo,windows,18,6,0.63,50,28,C,0
U00618,sitioB,promo,windows,22,1,0.52,41,8,A,1
U00619,sitioC,promo,ios,23,3,0.05,28,26,A,0
U00620,sitioA,alerta,windows,10,6,0.23,81,29,C,0
U00621,sitioB,alerta,ios,13,3,0.49,9,6,B,0
U00622,sitioB,info,ios,1,2,0.31,38,22,A,0
U00623,sitioA,alerta,windows,22,4,0.18,81,23,A,0
U00624,sitioA,promo,android,4,2,0.5,0,4,C,0
U00625,sitioB,info,windows,4,4,0.32,38,4,B,0
U00626,sitioC,info,android,18,6,0.26,20,16,B,0
U00627,sitioB,info,ios,20,4,0.46,64,29,C,0
U00628,sitioA,promo,ios,11,2,0.13,14,8,B,0
U00629,sitioB,alerta,android,17,0,0.93,3,5,C,1
U00630,sitioA,promo,ios,3,3,0.87,59,24,C,0
U00631,sitioB,info,android,21,5,0.71,60,18,C,0
U00632,sitioC,promo,android,16,4,0.11,19,15,A,0
U00633,sitioB,promo,ios,9,4,0.78,9,20,A,0
U00634,sitioB,alerta,android,19,0,0.81,86,1,A,1
U00635,sitioA,alerta,windows,5,6,0.77,33,9,C,1
U00636,sitioA,info,windows,13,6,0.11,47,15,A,0
U00637,sitioA,promo,ios,10,6,0.64,32,4,A,1
U00638,sitioB,promo,ios,10,5,0.83,97,14,A,0
U00639,sitioC,alerta,android,17,1,0.58,60,12,C,0
U00640,sitioA,promo,android,22,0,0.65,9,12,C,0
U00641,sitioA,promo,android,21,5,0.46,53,12,C,0
U00642,sitioB,promo,android,17,0,0.53,83,14,A,0
U00643,sitioA,alerta,windows,23,4,0.03,64,13,B,0
U00644,sitioC,info,windows,22,3,0.64,76,7,A,1
U00645,sitioC,info,ios,10,0,0.08,0,10,A,0
U00646,sitioA,promo,android,20,1,0.44,4,17,C,0
U00647,sitioA,info,android,11,2,0.29,79,23,C,0
U00648,sitioB,alerta,ios,4,5,0.55,14,3,A,1
U00649,sitioC,alerta,android,22,0,0.13,27,25,A,0
U00650,sitioC,info,android,8,0,0.69,94,9,B,1
U00651,sitioA,info,android,8,1,0.8,22,0,B,1
U00652,sitioB,promo,android,21,3,0.16,16,28,C,0
U00653,sitioC,info,android,9,0,0.1,97,4,B,0
U00654,sitioC,promo,ios,21,0,0.15,12,12,B,0
U00655,sitioB,promo,android,18,3,0.88,13,0,C,1
U00656,sitioB,alerta,ios,0,1,0.53,10,22,B,0
U00657,sitioC,alerta,android,6,5,0.47,27,7,A,0
U00658,sitioC,alerta,windows,3,5,0.11,41,2,B,0
U00659,sitioB,alerta,windows,0,0,0.65,95,2,C,1
U00660,sitioC,info,windows,14,3,0.87,98,6,A,1
U00661,sitioA,alerta,windows,7,0,0.83,60,3,B,1
U00662,sitioA,info,ios,11,6,0.63,63,2,A,1
U00663,sitioB,alerta,ios,21,2,0.08,30,14,A,0
U00664,sitioB,info,android,21,5,0.11,80,7,B,0
U00665,sitioB,promo,windows,17,6,0.05,72,2,B,0
U00666,sitioA,info,ios,14,4,0.26,9,28,C,0
U00667,sitioC,info,android,16,2,0.14,7,29,C,0
U00668,sitioA,alerta,android,13,0,0.26,20,6,A,0
U00669,sitioC,info,ios,13,1,0.39,76,17,C,0
U00670,sitioA,promo,windows,17,5,0.94,58,10,A,0
U00671,sitioC,promo,android,19,4,0.61,49,10,A,0
U00672,sitioA,alerta,windows,17,2,0.83,68,16,C,0
U00673,sitioB,promo,windows,15,5,0.71,69,27,C,0
U00674,sitioA,info,windows,0,3,0.11,29,5,C,0
U00675,sitioC,promo,android,22,1,0.74,94,7,B,1
U00676,sitioA,alerta,windows,10,2,0.28,16,0,A,0
U00677,sitioA,info,android,14,3,0.64,74,28,A,0
U00678,sitioA,alerta,windows,11,6,0.34,19,9,A,0
U00679,sitioB,info,android,7,0,1.0,47,27,C,0
U00680,sitioA,promo,windows,21,3,0.26,72,24,C,0
U00681,sitioB,alerta,ios,19,2,0.28,1,18,C,0
U00682,sitioB,alerta,windows,5,2,0.93,36,2,C,1
U00683,sitioA,info,windows,2,6,0.02,0,3,C,0
U00684,sitioA,alerta,android,23,0,0.7,3,10,B,0
U00685,sitioA,info,android,12,3,0.73,99,14,C,0
U00686,sitioC,info,windows,12,3,0.84,53,0,A,1
U00687,sitioA,info,ios,1,0,0.97,24,8,C,1
U00688,sitioB,info,ios,4,3,0.98,2,10,A,0
U00689,sitioA,promo,android,16,5,0.07,8,18,C,0
U00690,sitioC,info,ios,5,0,0.82,85,12,C,0
U00691,sitioA,alerta,windows,1,1,0.65,86,25,A,0
U00692,sitioC,promo,android,3,2,0.65,75,15,A,0
U00693,sitioC,alerta,windows,21,1,0.13,73,3,A,0
U00694,sitioA,promo,android,10,5,0.65,33,0,A,1
U00695,sitioB,info,android,7,6,0.98,42,19,B,0
U00696,sitioC,promo,android,11,5,0.91,73,12,A,0
U00697,sitioA,promo,android,7,4,0.44,93,0,C,0
U00698,sitioA,alerta,ios,10,4,0.04,21,4,C,0
U00699,sitioB,alerta,windows,21,4,0.36,69,4,B,0
U00700,sitioC,info,windows,19,0,0.83,1,13,A,0
U00701,sitioC,promo,windows,7,3,0.7,93,26,C,0
U00702,sitioA,promo,android,7,5,0.46,65,22,B,0
U00703,sitioA,promo,ios,16,1,0.06,31,13,C,0
U00704,sitioB,info,windows,19,6,0.43,15,7,B,0
U00705,sitioB,info,ios,19,1,0.47,75,3,B,0
U00706,sitioC,info,android,22,1,0.93,0,6,A,1
U00707,sitioC,info,windows,15,1,0.64,71,19,B,0
U00708,sitioA,info,ios,13,6,0.31,47,18,C,0
U00709,sitioC,alerta,android,10,4,0.53,49,14,C,0
U00710,sitioB,promo,ios,6,1,0.07,12,21,A,0
U00711,sitioB,promo,windows,15,6,0.97,14,3,A,1
U00712,sitioA,promo,windows,12,6,0.36,52,29,B,0
U00713,sitioB,promo,android,14,3,0.48,43,18,A,0
U00714,sitioB,promo,android,23,6,0.36,7,8,C,0
U00715,sitioB,promo,android,15,4,0.68,73,20,C,0
U00716,sitioB,promo,ios,20,1,0.66,45,12,A,0
U00717,sitioA,promo,ios,22,6,0.72,68,13,A,0
U00718,sitioA,alerta,ios,23,0,0.27,18,22,A,0
U00719,sitioC,promo,android,8,6,0.32,37,27,B,0
U00720,sitioB,alerta,windows,2,2,0.13,10,13,B,0
U00721,sitioC,info,windows,18,2,0.66,42,21,C,0
U00722,sitioA,promo,ios,19,2,0.04,19,9,B,0
U00723,sitioA,info,ios,4,6,0.6,19,15,B,0
U00724,sitioA,info,windows,9,4,0.87,20,4,B,1
U00725,sitioA,info,windows,16,1,0.89,81,22,B,0
U00726,sitioA,alerta,ios,14,5,0.45,56,26,C,0
U00727,sitioA,info,ios,22,5,0.46,49,5,A,0
U00728,sitioA,info,windows,7,5,0.08,73,25,C,0
U00729,sitioB,info,android,14,4,0.67,97,1,B,1
U00730,sitioC,promo,ios,20,3,0.82,25,12,A,0
U00731,sitioA,promo,windows,13,0,0.24,29,28,A,0
U00732,sitioB,alerta,windows,19,0,0.42,72,12,A,0
U00733,sitioB,alerta,windows,6,2,0.84,30,18,C,0
U00734,sitioC,promo,windows,20,2,0.88,41,17,A,0
U00735,sitioA,alerta,android,22,6,0.24,67,27,C,0
U00736,sitioC,promo,windows,11,5,0.55,60,18,C,0
U00737,sitioA,info,ios,16,6,0.19,60,0,B,0
U00738,sitioB,info,android,16,5,0.1,69,7,B,0
U00739,sitioB,alerta,windows,9,2,0.91,77,21,A,0
U00740,sitioB,promo,android,18,1,0.82,67,15,A,0
U00741,sitioB,promo,ios,13,3,0.76,89,28,B,0
U00742,sitioC,alerta,windows,10,6,0.05,16,1,C,0
U00743,sitioA,promo,ios,1,3,0.84,18,7,C,1
U00744,sitioA,info,windows,17,3,0.44,50,5,B,0
U00745,sitioC,alerta,windows,6,3,0.34,69,15,C,0
U00746,sitioA,alerta,windows,11,2,0.55,62,22,B,0
U00747,sitioB,promo,windows,1,0,0.09,92,10,B,0
U00748,sitioA,alerta,windows,19,2,0.76,74,16,A,0
U00749,sitioB,promo,android,17,3,0.58,79,22,A,0
U00750,sitioC,promo,windows,5,2,0.19,29,18,B,0
U00751,sitioA,promo,windows,23,3,0.19,24,10,A,0
U00752,sitioC,promo,android,9,4,0.18,74,27,B,0
U00753,sitioA,promo,android,19,5,0.06,70,7,C,0
U00754,sitioB,alerta,android,14,0,0.59,25,21,C,0
U00755,sitioC,info,android,4,4,0.84,55,3,C,1
U00756,sitioA,info,android,19,1,0.02,21,10,C,0
U00757,sitioB,alerta,android,2,2,0.05,88,7,B,0
U00758,sitioC,alerta,windows,4,1,0.57,18,8,C,1
U00759,sitioC,info,windows,7,6,0.82,30,25,C,0
U00760,sitioA,info,ios,7,2,0.33,25,1,C,0
U00761,sitioA,info,windows,7,5,0.35,41,15,C,0
U00762,sitioA,info,windows,11,4,0.6,40,5,B,1
U00763,sitioB,info,android,23,5,0.27,99,20,C,0
U00764,sitioA,promo,android,22,6,0.03,22,20,A,0
U00765,sitioC,alerta,windows,7,3,0.74,46,25,A,0
U00766,sitioC,promo,ios,10,5,0.63,12,26,A,0
U00767,sitioA,info,android,13,5,0.58,88,18,A,0
U00768,sitioA,info,windows,7,3,0.74,65,27,A,0
U00769,sitioC,info,windows,23,2,0.68,65,7,A,1
U00770,sitioB,promo,ios,9,3,0.21,15,13,B,0
U00771,sitioA,promo,ios,6,4,0.35,72,23,A,0
U00772,sitioA,info,android,16,5,0.13,27,15,C,0
U00773,sitioC,promo,ios,3,3,0.13,76,11,A,0
U00774,sitioA,promo,windows,12,6,0.68,34,4,B,1
U00775,sitioB,info,windows,3,6,0.86,40,23,A,0
U00776,sitioC,promo,ios,4,5,0.96,76,25,C,0
U00777,sitioA,alerta,ios,21,4,0.63,30,23,C,0
U00778,sitioC,alerta,ios,3,1,0.18,84,18,B,0
U00779,sitioA,alerta,ios,17,4,0.11,31,17,B,0
U00780,sitioA,alerta,android,5,0,0.81,53,8,B,1
U00781,sitioA,info,ios,23,0,0.58,97,1,B,1
U00782,sitioB,info,android,23,0,0.62,71,24,A,0
U00783,sitioB,info,windows,22,5,0.78,58,19,A,0
U00784,sitioC,alerta,ios,21,6,0.7,40,11,C,0
U00785,sitioA,alerta,android,1,2,0.83,65,28,B,0
U00786,sitioA,promo,ios,22,6,0.06,95,1,B,0
U00787,sitioB,promo,windows,10,2,0.75,53,9,A,1
U00788,sitioA,alerta,windows,13,2,0.85,39,0,B,1
U00789,sitioB,alerta,windows,4,6,0.29,27,3,C,0
U00790,sitioA,alerta,ios,5,5,0.64,36,24,C,0
U00791,sitioC,alerta,ios,9,4,0.31,64,11,B,0
U00792,sitioA,promo,android,7,2,0.96,73,8,C,1
U00793,sitioA,alerta,windows,13,1,0.03,54,3,C,0
U00794,sitioB,promo,ios,23,6,0.58,3,8,A,1
U00795,sitioA,alerta,windows,2,6,0.17,98,27,C,0
U00796,sitioA,alerta,windows,11,0,0.71,9,5,B,1
U00797,sitioB,alerta,android,15,4,0.18,46,0,B,0
U00798,sitioC,promo,android,22,0,0.24,74,9,C,0
U00799,sitioC,promo,android,16,6,0.49,13,28,B,0
U00800,sitioB,info,android,0,6,0.91,37,13,A,0
U00801,sitioB,alerta,windows,22,2,0.21,11,21,C,0
U00802,sitioB,info,android,9,4,0.14,44,24,C,0
U00803,sitioB,info,android,22,3,0.76,16,28,C,0
U00804,sitioB,promo,android,9,1,0.5,79,17,B,0
U00805,sitioC,promo,android,20,2,0.91,34,5,B,1
U00806,sitioC,info,windows,23,6,0.15,65,17,C,0
U00807,sitioB,alerta,android,1,2,0.65,74,19,B,0
U00808,sitioA,promo,windows,8,1,0.23,40,15,B,0
U00809,sitioB,alerta,ios,21,6,0.16,66,14,C,0
U00810,sitioA,alerta,windows,12,1,0.68,28,15,C,0
U00811,sitioB,info,windows,15,3,0.59,17,7,B,1
U00812,sitioB,info,android,17,2,0.75,19,12,C,0
U00813,sitioC,info,ios,18,5,0.31,13,22,C,0
U00814,sitioA,info,ios,11,2,0.45,33,10,C,0
U00815,sitioA,promo,ios,7,0,0.41,48,27,C,0
U00816,sitioC,promo,ios,16,4,0.98,53,28,B,0
U00817,sitioC,info,windows,14,4,0.29,30,24,C,0
U00818,sitioC,promo,ios,9,0,0.29,57,6,A,0
U00819,sitioC,info,windows,14,6,0.35,41,16,C,0
U00820,sitioA,alerta,windows,14,4,0.56,57,17,A,0
U00821,sitioA,alerta,windows,22,1,0.25,81,21,C,0
U00822,sitioB,alerta,ios,6,4,0.92,29,22,A,0
U00823,sitioB,info,android,12,4,0.27,24,18,A,0
U00824,sitioC,alerta,android,16,0,0.9,62,24,C,0
U00825,sitioC,promo,ios,8,6,0.1,18,12,C,0
U00826,sitioC,alerta,android,7,3,0.66,71,14,C,0
U00827,sitioB,alerta,android,19,4,0.91,91,22,A,0
U00828,sitioB,alerta,windows,20,5,0.17,7,29,B,0
U00829,sitioB,promo,windows,17,4,0.97,94,21,B,0
U00830,sitioB,info,ios,12,3,0.45,2,28,C,0
U00831,sitioB,promo,ios,15,0,0.95,66,21,B,0
U00832,sitioB,info,android,8,3,0.68,85,0,B,1
U00833,sitioB,info,windows,11,0,0.3,80,28,C,0
U00834,sitioC,alerta,ios,11,1,0.19,99,15,A,0
U00835,sitioC,info,ios,5,0,0.3,16,4,C,0
U00836,sitioC,promo,ios,18,1,0.09,13,25,B,0
U00837,sitioC,promo,ios,6,1,0.14,8,2,A,0
U00838,sitioB,info,ios,2,0,0.1,61,22,B,0
U00839,sitioA,alerta,ios,15,5,0.42,93,9,A,0
U00840,sitioB,alerta,android,17,2,0.8,20,18,B,0
U00841,sitioA,promo,windows,15,0,0.14,75,4,C,0
U00842,sitioC,alerta,windows,22,4,0.13,36,6,B,0
U00843,sitioB,info,ios,6,5,0.64,95,13,B,0
U00844,sitioC,info,windows,3,5,0.2,10,2,A,0
U00845,sitioB,promo,windows,7,4,0.1,19,12,B,0
U00846,sitioC,info,windows,12,2,0.17,34,12,C,0
U00847,sitioA,promo,ios,12,5,0.92,52,9,C,1
U00848,sitioA,info,ios,16,1,0.82,46,1,C,1
U00849,sitioA,promo,windows,16,2,0.35,74,5,A,0
U00850,sitioB,alerta,windows,4,6,0.66,51,7,A,1
U00851,sitioA,info,ios,5,4,0.54,7,3,B,1
U00852,sitioB,info,android,18,2,0.68,3,24,B,0
U00853,sitioA,promo,windows,12,0,0.68,26,11,B,0
U00854,sitioA,promo,android,13,2,0.63,43,27,A,0
U00855,sitioB,info,windows,21,1,0.27,39,14,A,0
U00856,sitioB,promo,android,3,0,0.04,46,7,B,0
U00857,sitioA,info,android,6,3,0.46,93,6,A,0
U00858,sitioB,alerta,android,7,4,0.89,43,13,A,0
U00859,sitioA,promo,ios,12,4,0.57,47,22,C,0
U00860,sitioB,info,android,5,2,0.83,90,18,C,0
U00861,sitioC,alerta,android,5,5,0.99,84,13,B,0
U00862,sitioC,alerta,android,23,0,0.16,51,21,B,0
U00863,sitioC,info,windows,20,3,0.69,83,12,C,0
U00864,sitioC,promo,android,2,0,0.67,67,28,A,0
U00865,sitioC,info,windows,2,4,0.98,10,20,B,0
U00866,sitioA,alerta,android,12,0,0.99,76,0,B,1
U00867,sitioC,info,android,21,3,0.69,72,26,B,0
U00868,sitioC,promo,ios,1,5,0.24,3,18,A,0
U00869,sitioC,alerta,windows,15,2,0.8,75,28,C,0
U00870,sitioC,info,android,21,1,0.11,72,27,B,0
U00871,sitioB,promo,windows,5,0,0.78,76,0,C,1
U00872,sitioA,alerta,windows,7,1,0.91,47,3,C,1
U00873,sitioC,promo,ios,22,4,0.38,25,9,A,0
U00874,sitioC,alerta,ios,7,2,0.63,76,2,A,1
U00875,sitioC,info,ios,5,6,0.43,38,26,A,0
U00876,sitioA,promo,ios,13,2,0.44,91,19,A,0
U00877,sitioB,alerta,ios,2,0,0.31,57,8,A,0
U00878,sitioA,promo,ios,9,5,0.76,18,2,A,1
U00879,sitioB,promo,ios,2,2,0.94,87,27,B,0
U00880,sitioC,info,ios,11,0,0.94,82,5,C,1
U00881,sitioC,promo,android,16,0,0.17,76,5,A,0
U00882,sitioA,alerta,windows,4,1,0.87,76,22,B,0
U00883,sitioA,alerta,ios,19,2,0.74,57,24,C,0
U00884,sitioB,alerta,ios,8,0,0.25,27,11,A,0
U00885,sitioB,alerta,windows,20,1,0.07,65,22,A,0
U00886,sitioA,info,android,19,3,0.27,9,29,B,0
U00887,sitioB,promo,windows,6,6,0.91,85,0,C,1
U00888,sitioA,info,windows,21,1,0.63,76,15,A,0
U00889,sitioB,promo,ios,3,1,0.72,57,23,C,0
U00890,sitioA,promo,windows,12,0,0.26,72,4,B,0
U00891,sitioA,promo,windows,12,4,0.72,96,8,A,1
U00892,sitioA,info,ios,9,4,0.03,13,9,C,0
U00893,sitioB,promo,ios,17,5,0.38,83,12,B,0
U00894,sitioB,info,ios,16,4,0.63,14,14,B,0
U00895,sitioB,alerta,ios,19,1,0.15,95,11,A,0
U00896,sitioA,alerta,windows,19,5,0.82,32,4,C,1
U00897,sitioB,promo,windows,12,0,0.24,16,4,A,0
U00898,sitioB,info,android,16,2,0.65,23,27,A,0
U00899,sitioA,alerta,android,21,6,0.41,29,27,C,0
U00900,sitioC,info,windows,3,6,0.6,61,29,C,0
U00901,sitioA,info,android,0,1,0.11,12,17,C,0
U00902,sitioB,promo,windows,0,1,0.02,61,11,B,0
U00903,sitioA,alerta,android,14,5,0.91,46,26,B,0
U00904,sitioC,promo,ios,12,0,0.27,15,2,C,0
U00905,sitioA,promo,android,16,3,0.82,65,25,B,0
U00906,sitioB,alerta,ios,23,1,1.0,80,24,A,0
U00907,sitioC,alerta,ios,7,3,0.21,95,6,C,0
U00908,sitioB,info,ios,17,3,0.27,42,16,A,0
U00909,sitioC,alerta,ios,12,4,0.66,7,18,C,0
U00910,sitioC,info,android,22,0,0.97,2,27,A,0
U00911,sitioA,info,windows,13,6,0.92,11,17,C,0
U00912,sitioA,info,ios,7,6,0.5,83,0,A,0
U00913,sitioB,alerta,android,7,3,0.8,15,24,C,0
U00914,sitioA,promo,ios,14,6,0.14,77,23,C,0
U00915,sitioA,info,android,12,0,0.98,79,4,B,1
U00916,sitioC,promo,android,6,4,0.96,58,26,A,0
U00917,sitioA,promo,android,4,0,0.16,48,27,B,0
U00918,sitioC,alerta,windows,16,1,0.3,62,1,A,0
U00919,sitioC,promo,android,15,3,0.1,61,0,B,0
U00920,sitioC,promo,android,22,0,0.27,48,6,C,0
U00921,sitioB,alerta,windows,1,6,0.82,50,28,B,0
U00922,sitioB,info,windows,21,2,0.38,32,10,B,0
U00923,sitioB,promo,android,17,0,0.09,29,10,C,0
U00924,sitioC,alerta,windows,16,3,0.34,58,17,B,0
U00925,sitioB,promo,ios,6,4,0.98,75,16,C,0
U00926,sitioB,promo,ios,12,6,0.63,14,1,A,1
U00927,sitioA,info,windows,17,4,0.42,81,6,B,0
U00928,sitioB,promo,windows,13,3,0.17,91,6,C,0
U00929,sitioB,alerta,android,17,6,0.99,22,9,C,1
U00930,sitioC,promo,windows,12,1,0.82,77,21,B,0
U00931,sitioC,info,android,10,6,0.28,93,20,A,0
U00932,sitioC,info,ios,20,1,0.07,96,2,B,0
U00933,sitioC,alerta,windows,20,4,0.06,44,29,C,0
U00934,sitioC,info,android,15,4,0.12,61,11,A,0
U00935,sitioC,promo,android,22,3,0.58,78,2,B,1
U00936,sitioB,info,ios,16,1,0.93,70,10,C,0
U00937,sitioC,alerta,windows,7,4,0.5,14,28,B,0
U00938,sitioC,info,ios,18,1,0.84,45,11,A,0
U00939,sitioA,info,android,19,4,0.45,63,24,A,0
U00940,sitioB,info,android,14,6,0.71,45,3,A,1
U00941,sitioB,alerta,windows,8,0,0.73,55,24,A,0
U00942,sitioB,info,android,19,2,0.17,43,15,A,0
U00943,sitioC,info,windows,9,6,0.36,74,19,B,0
U00944,sitioC,promo,ios,11,5,0.64,28,17,A,0
U00945,sitioC,alerta,windows,20,0,0.07,94,3,A,0
U00946,sitioA,info,windows,22,5,0.36,61,21,C,0
U00947,sitioC,alerta,android,19,4,0.53,88,5,A,1
U00948,sitioA,info,android,0,2,1.0,51,20,C,0
U00949,sitioB,info,windows,19,2,0.47,53,14,C,0
U00950,sitioC,info,android,8,4,0.82,87,0,C,1
U00951,sitioA,promo,android,21,4,0.43,56,2,B,0
U00952,sitioA,promo,android,14,1,0.8,82,4,B,1
U00953,sitioC,promo,windows,0,4,0.6,65,21,C,0
U00954,sitioB,alerta,android,11,3,0.89,21,29,B,0
U00955,sitioB,alerta,windows,2,4,0.41,19,16,A,0
U00956,sitioB,promo,android,10,3,0.6,32,29,B,0
U00957,sitioA,alerta,ios,1,4,0.63,71,13,A,0
U00958,sitioA,info,android,15,1,0.42,24,8,A,0
U00959,sitioA,info,android,8,3,0.14,45,29,B,0
U00960,sitioA,info,windows,14,0,0.09,72,2,B,0
U00961,sitioB,promo,windows,11,3,0.02,97,25,C,0
U00962,sitioC,alerta,android,0,6,0.87,56,12,B,0
U00963,sitioA,promo,ios,12,1,0.24,86,2,B,0
U00964,sitioA,alerta,android,13,5,0.21,4,10,B,0
U00965,sitioB,info,android,7,3,0.74,54,1,A,1
U00966,sitioC,promo,ios,7,6,0.32,60,23,A,0
U00967,sitioC,alerta,windows,11,6,0.51,88,14,A,0
U00968,sitioB,alerta,android,0,6,0.16,7,12,C,0
U00969,sitioB,info,windows,10,4,0.96,15,18,C,0
U00970,sitioC,promo,windows,7,6,0.85,47,21,C,0
U00971,sitioA,promo,ios,9,4,0.86,60,15,A,0
U00972,sitioC,promo,ios,18,5,0.41,14,17,B,0
U00973,sitioB,info,windows,10,1,0.76,64,6,C,1
U00974,sitioA,promo,android,6,2,0.14,21,12,C,0
U00975,sitioA,info,windows,10,4,0.01,2,3,A,0
U00976,sitioB,info,android,16,6,0.02,53,8,C,0
U00977,sitioB,info,android,0,6,0.59,13,29,B,0
U00978,sitioB,alerta,ios,20,0,0.46,35,9,A,0
U00979,sitioC,promo,android,20,6,0.52,81,8,A,1
U00980,sitioC,promo,android,7,1,0.01,81,6,B,0
U00981,sitioA,info,windows,22,3,0.42,66,14,B,0
U00982,sitioB,info,ios,23,3,0.72,9,27,B,0
U00983,sitioA,promo,android,5,6,0.44,48,7,C,0
U00984,sitioA,info,android,21,0,0.73,64,18,B,0
U00985,sitioA,promo,ios,17,4,0.23,90,10,A,0
U00986,sitioA,alerta,windows,5,1,0.81,56,4,B,1
U00987,sitioB,info,ios,4,0,0.59,26,1,A,1
U00988,sitioA,promo,ios,12,4,0.21,74,9,A,0
U00989,sitioB,info,android,18,1,0.24,4,15,C,0
U00990,sitioB,promo,android,21,6,0.63,70,22,B,0
U00991,sitioC,promo,windows,7,3,0.83,82,12,C,0
U00992,sitioB,info,android,8,1,0.42,56,7,B,0
U00993,sitioC,alerta,android,16,6,0.26,92,8,B,0
U00994,sitioB,promo,ios,2,5,0.87,14,10,B,0
U00995,sitioB,promo,android,18,2,0.67,98,10,B,0
U00996,sitioB,promo,windows,10,1,0.45,75,22,B,0
U00997,sitioC,alerta,ios,23,2,0.49,29,25,A,0
U00998,sitioC,alerta,windows,16,1,0.2,19,15,A,0
U00999,sitioA,info,ios,20,2,0.63,36,9,B,1
U01000,sitioC,alerta,android,18,5,0.36,2,28,A,0
U01001,sitioC,info,ios,1,3,1.0,72,23,C,0
U01002,sitioC,info,ios,7,4,0.48,40,11,C,0
U01003,sitioC,alerta,android,18,2,0.49,38,24,C,0
U01004,sitioA,info,android,6,5,0.57,25,5,B,1
U01005,sitioC,alerta,windows,16,2,0.92,1,27,B,0
U01006,sitioB,info,windows,5,3,0.8,22,11,A,0
U01007,sitioB,alerta,android,18,2,0.45,22,9,A,0
U01008,sitioC,alerta,android,23,5,0.72,84,17,A,0
U01009,sitioC,info,android,5,6,0.59,15,17,C,0
U01010,sitioB,promo,ios,1,5,0.49,8,3,C,0
U01011,sitioB,info,ios,5,0,0.19,12,8,C,0
U01012,sitioA,alerta,ios,22,3,0.46,27,6,C,0
U01013,sitioB,promo,android,4,6,0.25,26,17,A,0
U01014,sitioB,info,windows,18,0,0.91,50,7,B,1
U01015,sitioC,info,android,19,3,0.34,63,10,B,0
U01016,sitioB,info,ios,3,6,0.95,51,6,C,1
U01017,sitioA,promo,ios,21,2,0.53,80,8,B,1
U01018,sitioB,alerta,android,16,6,0.63,37,7,B,1
U01019,sitioC,info,android,10,5,0.54,99,2,B,1
U01020,sitioC,info,ios,3,0,0.13,64,16,C,0
U01021,sitioB,info,ios,12,2,0.38,17,1,A,0
U01022,sitioC,info,ios,19,5,0.1,62,14,A,0
U01023,sitioA,info,android,16,3,0.62,50,13,B,0
U01024,sitioA,alerta,ios,8,6,0.45,8,28,A,0
U01025,sitioB,alerta,ios,3,5,0.78,12,17,A,0
U01026,sitioB,info,windows,22,2,0.22,39,15,C,0
U01027,sitioB,promo,android,13,0,0.16,54,19,C,0
U01028,sitioC,alerta,windows,18,0,0.41,78,21,B,0
U01029,sitioA,promo,windows,2,6,0.93,42,3,B,1
U01030,sitioA,alerta,ios,13,5,0.71,43,24,B,0
U01031,sitioC,info,android,7,2,0.42,67,19,C,0
U01032,sitioA,alerta,ios,23,1,0.52,32,5,A,1
U01033,sitioB,info,android,0,3,0.08,23,5,C,0
U01034,sitioB,alerta,windows,9,3,0.98,35,25,C,0
U01035,sitioB,info,android,17,2,0.67,9,10,A,0
U01036,sitioA,info,ios,15,1,0.29,99,25,A,0
U01037,sitioB,info,ios,7,0,0.59,19,16,B,0
U01038,sitioC,info,ios,0,6,0.11,74,23,A,0
U01039,sitioC,promo,android,11,4,0.97,11,27,A,0
U01040,sitioA,info,windows,7,4,0.17,61,2,A,0
U01041,sitioC,promo,windows,23,6,0.65,17,12,A,0
U01042,sitioC,promo,android,15,2,0.25,93,21,B,0
U01043,sitioA,info,ios,17,1,0.72,62,2,B,1
U01044,sitioB,promo,windows,3,1,0.78,83,15,A,0
U01045,sitioB,alerta,ios,5,3,0.67,24,14,A,0
U01046,sitioB,info,android,11,0,0.61,11,10,B,0
U01047,sitioA,promo,ios,8,5,0.89,20,17,B,0
U01048,sitioC,info,windows,14,1,0.08,24,14,A,0
U01049,sitioB,info,windows,15,6,0.33,10,4,C,0
U01050,sitioB,info,ios,23,5,0.25,63,15,B,0
U01051,sitioA,promo,android,11,4,0.99,72,29,B,0
U01052,sitioB,alerta,ios,23,5,0.39,49,15,B,0
U01053,sitioA,alerta,android,22,0,0.73,61,16,A,0
U01054,sitioC,promo,ios,13,6,0.68,88,8,A,1
U01055,sitioA,info,windows,12,0,0.21,98,26,B,0
U01056,sitioA,promo,android,1,5,0.24,95,22,A,0
U01057,sitioA,promo,android,2,2,0.28,48,2,A,0
U01058,sitioA,promo,android,23,1,0.41,13,19,B,0
U01059,sitioC,info,windows,21,6,0.23,0,12,A,0
U01060,sitioC,promo,ios,9,2,0.02,80,21,C,0
U01061,sitioB,info,windows,8,5,0.88,24,2,A,1
U01062,sitioC,promo,android,19,1,0.97,58,27,A,0
U01063,sitioC,alerta,ios,7,3,0.34,71,6,B,0
U01064,sitioB,promo,windows,9,2,0.34,68,28,B,0
U01065,sitioC,promo,android,18,2,0.01,4,5,C,0
U01066,sitioA,alerta,android,2,5,0.68,98,8,A,1
U01067,sitioA,info,windows,23,4,0.83,18,11,C,0
U01068,sitioB,info,windows,4,5,0.15,22,14,C,0
U01069,sitioB,promo,windows,2,2,0.16,8,20,B,0
U01070,sitioB,alerta,android,15,1,0.79,93,19,A,0
U01071,sitioA,info,windows,16,4,0.62,49,2,B,1
U01072,sitioC,promo,android,14,5,0.04,15,9,C,0
U01073,sitioA,alerta,windows,2,6,0.62,32,0,C,1
U01074,sitioB,info,android,11,5,0.31,1,18,B,0
U01075,sitioC,info,android,8,2,0.37,13,18,B,0
U01076,sitioC,alerta,ios,20,2,0.77,0,22,B,0
U01077,sitioA,alerta,windows,11,3,0.81,89,22,B,0
U01078,sitioB,alerta,windows,14,5,0.4,57,12,B,0
U01079,sitioA,alerta,android,1,2,0.95,88,11,C,0
U01080,sitioC,promo,android,22,6,0.41,15,0,B,0
U01081,sitioA,alerta,android,17,0,0.77,78,18,A,0
U01082,sitioA,info,ios,19,4,0.48,89,28,C,0
U01083,sitioB,info,ios,11,0,0.9,46,23,C,0
U01084,sitioB,promo,android,22,4,0.91,43,15,A,0
U01085,sitioC,info,windows,3,6,0.09,79,24,A,0
U01086,sitioA,info,windows,22,5,0.94,13,22,C,0
U01087,sitioA,alerta,ios,15,3,0.83,92,22,B,0
U01088,sitioA,info,ios,22,2,0.79,23,27,C,0
U01089,sitioC,promo,android,15,2,0.2,54,14,C,0
U01090,sitioC,alerta,windows,0,2,0.81,14,15,A,0
U01091,sitioB,alerta,android,21,5,0.85,82,10,C,0
U01092,sitioB,promo,ios,1,4,0.29,71,23,B,0
U01093,sitioB,alerta,windows,2,6,0.95,33,5,A,1
U01094,sitioA,alerta,windows,20,2,0.05,1,10,C,0
U01095,sitioA,promo,ios,19,0,0.15,26,2,C,0
U01096,sitioB,alerta,android,16,2,0.54,73,14,B,0
U01097,sitioA,promo,android,19,5,0.58,98,0,C,1
U01098,sitioB,promo,windows,21,6,0.65,86,6,C,1
U01099,sitioC,info,ios,20,3,0.02,71,0,C,0
U01100,sitioB,info,windows,0,6,0.96,91,16,C,0
U01101,sitioC,alerta,ios,19,0,0.04,22,8,B,0
U01102,sitioA,alerta,android,5,2,0.14,67,28,C,0
U01103,sitioB,promo,ios,14,2,0.01,13,25,C,0
U01104,sitioA,alerta,android,13,1,0.57,62,22,C,0
U01105,sitioC,promo,ios,19,4,0.93,92,12,A,0
U01106,sitioC,promo,windows,14,0,0.67,64,10,B,0
U01107,sitioC,alerta,android,13,1,0.82,67,28,A,0
U01108,sitioA,promo,windows,20,6,0.01,62,19,A,0
U01109,sitioA,info,windows,23,3,0.54,95,5,B,1
U01110,sitioA,alerta,android,4,4,0.46,96,0,A,0
U01111,sitioA,info,android,5,0,0.5,89,6,A,0
U01112,sitioC,alerta,windows,16,2,0.07,80,11,A,0
U01113,sitioC,promo,windows,10,6,0.68,86,21,B,0
U01114,sitioB,alerta,windows,15,0,0.5,63,19,C,0
U01115,sitioB,info,windows,11,2,0.77,31,22,B,0
U01116,sitioA,promo,android,14,4,0.49,78,18,B,0
U01117,sitioC,alerta,android,22,2,0.15,12,16,B,0
U01118,sitioC,alerta,windows,3,3,0.65,65,3,A,1
U01119,sitioC,alerta,ios,17,6,0.17,18,2,C,0
U01120,sitioB,info,ios,20,5,0.87,23,0,B,1
U01121,sitioB,info,android,2,2,0.61,87,17,B,0
U01122,sitioC,alerta,windows,21,3,0.16,10,26,C,0
U01123,sitioC,promo,windows,7,5,0.96,58,20,C,0
U01124,sitioC,promo,android,22,6,0.52,85,14,C,0
U01125,sitioB,info,ios,2,4,0.07,14,7,A,0
U01126,sitioC,promo,ios,7,4,0.63,9,0,C,1
U01127,sitioC,info,ios,17,6,0.25,40,19,A,0
U01128,sitioA,alerta,android,9,6,0.8,26,13,B,0
U01129,sitioA,info,ios,19,0,0.82,59,3,A,1
U01130,sitioB,info,android,16,3,0.98,72,4,C,1
U01131,sitioC,alerta,android,7,3,0.5,51,22,A,0
U01132,sitioC,promo,windows,22,6,0.45,27,12,C,0
U01133,sitioA,info,ios,10,1,0.75,64,27,A,0
U01134,sitioB,info,android,4,1,0.13,16,23,B,0
U01135,sitioA,alerta,ios,12,5,0.55,94,14,A,0
U01136,sitioA,promo,ios,20,5,0.55,43,5,B,1
U01137,sitioA,info,windows,22,1,0.09,9,0,C,0
U01138,sitioA,alerta,ios,4,6,0.42,62,22,B,0
U01139,sitioC,info,windows,23,6,0.85,92,18,C,0
U01140,sitioC,alerta,android,12,5,0.86,81,12,C,0
U01141,sitioA,promo,ios,5,2,0.1,46,28,B,0
U01142,sitioB,promo,android,4,6,0.09,37,28,B,0
U01143,sitioB,promo,ios,8,1,0.26,69,5,A,0
U01144,sitioB,promo,android,15,3,0.87,75,14,A,0
U01145,sitioB,info,ios,1,6,0.13,52,15,B,0
U01146,sitioA,info,ios,0,6,0.72,77,23,B,0
U01147,sitioC,promo,ios,7,2,0.1,43,22,B,0
U01148,sitioB,promo,ios,18,5,0.62,73,15,B,0
U01149,sitioA,promo,ios,10,6,0.36,53,9,C,0
U01150,sitioB,info,ios,11,4,0.79,19,21,B,0
U01151,sitioB,promo,ios,11,0,0.23,78,8,B,0
U01152,sitioA,promo,ios,6,1,0.64,30,8,B,1
U01153,sitioC,promo,ios,12,4,0.24,6,16,B,0
U01154,sitioC,alerta,android,7,5,0.71,57,16,C,0
U01155,sitioA,promo,windows,21,3,0.87,9,16,A,0
U01156,sitioC,alerta,ios,8,0,0.13,9,23,A,0
U01157,sitioA,alerta,windows,6,4,0.87,38,11,A,0
U01158,sitioA,promo,ios,20,0,0.59,27,12,A,0
U01159,sitioA,alerta,ios,23,1,0.13,29,29,A,0
U01160,sitioC,promo,android,14,5,0.43,36,11,C,0
U01161,sitioA,info,android,1,6,0.16,66,13,A,0
U01162,sitioB,info,windows,22,3,0.7,42,9,C,1
U01163,sitioC,info,android,19,5,0.76,78,22,C,0
U01164,sitioC,info,android,11,0,0.11,84,18,A,0
U01165,sitioC,alerta,windows,0,4,0.51,51,28,A,0
U01166,sitioC,promo,android,22,1,0.81,55,1,A,1
U01167,sitioB,promo,ios,21,1,0.94,75,3,B,1
U01168,sitioC,promo,windows,7,5,0.51,67,18,C,0
U01169,sitioC,info,windows,4,6,0.95,8,6,A,1
U01170,sitioA,info,ios,14,4,0.54,91,25,B,0
U01171,sitioC,promo,android,0,6,0.39,22,14,C,0
U01172,sitioB,info,windows,0,6,0.85,62,14,B,0
U01173,sitioB,promo,windows,9,4,0.49,60,23,B,0
U01174,sitioB,promo,ios,21,0,0.47,39,5,A,0
U01175,sitioB,promo,ios,9,5,0.49,43,2,C,0
U01176,sitioC,promo,android,20,5,0.85,85,5,B,1
U01177,sitioC,promo,windows,14,2,0.83,23,15,C,0
U01178,sitioB,promo,android,16,5,0.4,50,1,A,0
U01179,sitioB,promo,android,21,1,0.33,57,27,C,0
U01180,sitioC,info,ios,5,0,0.49,89,6,B,0
U01181,sitioB,promo,windows,2,4,0.57,93,29,B,0
U01182,sitioA,promo,windows,12,5,0.24,32,10,C,0
U01183,sitioB,info,windows,15,0,0.79,15,25,B,0
U01184,sitioB,info,ios,7,5,0.49,21,29,B,0
U01185,sitioA,info,ios,14,4,0.33,56,6,B,0
U01186,sitioA,promo,ios,16,3,0.11,61,3,A,0
U01187,sitioC,alerta,ios,16,4,0.24,81,28,A,0
U01188,sitioC,alerta,ios,21,4,0.95,70,23,B,0
U01189,sitioA,info,windows,12,4,0.31,89,19,C,0
U01190,sitioA,alerta,android,16,5,0.17,71,6,A,0
U01191,sitioC,info,windows,5,2,0.46,69,3,C,0
U01192,sitioB,promo,android,16,4,0.31,29,28,B,0
U01193,sitioA,alerta,ios,15,1,0.04,22,11,B,0
U01194,sitioC,promo,android,13,1,0.32,31,4,C,0
U01195,sitioB,alerta,windows,12,0,0.54,85,22,A,0
U01196,sitioA,promo,windows,5,2,0.55,56,28,C,0
U01197,sitioB,alerta,android,2,0,0.36,8,29,C,0
U01198,sitioC,promo,ios,13,1,0.45,30,29,B,0
U01199,sitioA,promo,ios,13,6,0.97,70,28,A,0
U01200,sitioB,alerta,windows,14,1,0.38,8,25,C,0
U01201,sitioA,promo,android,7,3,0.26,12,18,A,0
U01202,sitioB,promo,ios,14,4,0.24,57,25,B,0
U01203,sitioC,promo,ios,21,6,0.46,2,4,A,0
U01204,sitioC,alerta,windows,12,1,0.76,34,26,B,0
U01205,sitioA,alerta,ios,16,5,0.21,96,29,A,0
U01206,sitioB,promo,android,20,5,0.71,20,18,C,0
U01207,sitioA,promo,windows,23,0,0.02,63,20,B,0
U01208,sitioA,alerta,windows,2,6,0.42,94,29,C,0
U01209,sitioB,alerta,android,5,0,0.78,51,2,B,1
U01210,sitioB,promo,windows,4,4,0.34,33,26,A,0
U01211,sitioB,promo,ios,21,4,0.56,95,25,A,0
U01212,sitioC,promo,ios,16,3,0.2,34,10,B,0
U01213,sitioA,info,android,22,2,0.74,14,6,B,1
U01214,sitioA,alerta,ios,1,0,0.05,95,28,B,0
U01215,sitioC,info,android,14,4,0.85,5,16,A,0
U01216,sitioB,alerta,android,4,0,0.2,84,24,B,0
U01217,sitioC,alerta,ios,19,4,0.87,96,8,B,1
U01218,sitioC,alerta,android,5,1,0.35,31,20,C,0
U01219,sitioC,alerta,ios,5,0,0.72,51,8,B,1
U01220,sitioA,alerta,windows,17,1,0.32,82,9,C,0
U01221,sitioC,alerta,windows,17,0,0.91,96,12,C,0
U01222,sitioA,alerta,android,3,2,0.13,27,14,C,0
U01223,sitioA,info,ios,16,3,0.18,94,21,A,0
U01224,sitioA,promo,ios,13,5,0.49,84,4,C,0
U01225,sitioB,promo,windows,13,5,0.08,97,28,B,0
U01226,sitioA,info,windows,12,5,0.2,63,2,A,0
U01227,sitioA,info,ios,6,1,0.94,78,26,A,0
U01228,sitioB,info,android,11,6,0.98,77,26,A,0
U01229,sitioA,info,windows,22,4,0.38,18,7,A,0
U01230,sitioC,alerta,android,14,5,0.92,14,19,A,0
U01231,sitioC,promo,android,18,2,0.54,5,9,A,1
U01232,sitioA,alerta,windows,10,5,0.27,72,12,A,0
U01233,sitioB,promo,android,14,0,0.7,83,28,C,0
U01234,sitioC,promo,android,11,1,0.66,97,2,B,1
U01235,sitioB,info,ios,2,6,0.99,37,28,B,0
U01236,sitioB,alerta,android,16,0,0.27,25,21,C,0
U01237,sitioC,info,ios,2,6,0.67,81,7,C,1
U01238,sitioB,alerta,windows,18,0,0.05,91,28,A,0
U01239,sitioC,promo,windows,19,0,0.11,50,8,A,0
U01240,sitioB,info,ios,3,3,0.0,72,29,C,0
U01241,sitioC,info,windows,2,3,1.0,95,21,A,0
U01242,sitioA,promo,android,15,4,0.8,52,20,B,0
U01243,sitioC,promo,android,11,1,0.79,55,11,B,0
U01244,sitioC,promo,android,7,2,0.51,58,10,A,0
U01245,sitioC,info,windows,23,2,0.3,69,1,A,0
U01246,sitioC,alerta,android,16,2,0.15,77,17,A,0
U01247,sitioB,info,windows,6,0,0.28,91,8,B,0
U01248,sitioA,alerta,android,10,3,0.38,57,1,A,0
U01249,sitioC,info,ios,17,1,0.76,87,1,C,1
U01250,sitioB,info,windows,0,0,0.54,12,2,A,1
U01251,sitioA,promo,windows,2,6,0.08,42,15,C,0
U01252,sitioA,alerta,android,3,3,0.02,75,18,A,0
U01253,sitioA,info,windows,12,3,0.1,50,3,A,0
U01254,sitioA,info,windows,5,5,0.41,18,22,B,0
U01255,sitioC,promo,ios,13,5,0.93,20,24,C,0
U01256,sitioC,promo,ios,4,1,0.64,90,17,C,0
U01257,sitioB,alerta,android,15,6,0.8,82,19,C,0
U01258,sitioB,info,ios,14,1,0.47,23,24,B,0
U01259,sitioB,alerta,android,14,1,0.36,25,29,C,0
U01260,sitioA,info,android,3,0,0.11,44,17,B,0
U01261,sitioA,alerta,android,7,4,0.88,27,9,A,1
U01262,sitioC,promo,windows,15,1,0.78,81,10,A,0
U01263,sitioA,info,ios,15,5,0.17,99,28,C,0
U01264,sitioA,alerta,android,3,4,0.51,28,16,A,0
U01265,sitioA,promo,ios,12,0,0.49,16,25,A,0
U01266,sitioB,promo,android,12,4,0.63,67,23,C,0
U01267,sitioB,alerta,ios,1,2,0.95,43,24,A,0
U01268,sitioC,info,ios,2,6,0.58,60,22,C,0
U01269,sitioA,info,android,21,4,0.54,92,23,C,0
U01270,sitioA,promo,windows,7,1,0.05,67,19,A,0
U01271,sitioC,info,ios,23,0,0.06,73,15,A,0
U01272,sitioA,info,windows,14,6,0.19,24,19,A,0
U01273,sitioA,info,windows,10,1,0.03,94,12,A,0
U01274,sitioB,promo,android,8,6,0.74,66,1,A,1
U01275,sitioC,alerta,android,6,5,0.72,1,23,B,0
U01276,sitioC,info,android,12,2,0.14,88,26,A,0
U01277,sitioC,promo,ios,1,5,0.84,48,1,B,1
U01278,sitioC,promo,android,7,1,0.15,69,24,C,0
U01279,sitioB,alerta,android,6,1,0.3,25,13,A,0
U01280,sitioB,info,ios,23,1,0.25,71,3,A,0
U01281,sitioA,info,ios,11,3,0.37,98,16,A,0
U01282,sitioA,alerta,android,18,2,0.25,26,12,C,0
U01283,sitioA,alerta,android,6,6,0.49,88,3,B,0
U01284,sitioA,promo,android,9,1,0.41,17,2,B,0
U01285,sitioB,promo,android,15,1,0.99,53,11,A,0
U01286,sitioC,alerta,windows,2,6,0.06,0,21,A,0
U01287,sitioB,info,windows,9,5,0.14,60,22,A,0
U01288,sitioA,promo,android,5,5,0.05,2,7,A,0
U01289,sitioB,promo,windows,17,1,0.63,67,1,C,1
U01290,sitioC,info,ios,17,0,0.05,40,5,A,0
U01291,sitioC,promo,windows,4,3,0.84,36,21,C,0
U01292,sitioB,info,windows,20,5,0.51,50,9,A,1
U01293,sitioB,info,android,6,0,0.53,14,11,B,0
U01294,sitioB,info,windows,1,3,0.56,7,20,B,0
U01295,sitioA,alerta,windows,10,1,0.17,37,9,A,0
U01296,sitioB,alerta,windows,12,2,0.2,82,9,A,0
U01297,sitioB,alerta,windows,22,4,0.32,55,22,C,0
U01298,sitioB,info,ios,4,4,0.59,46,2,A,1
U01299,sitioC,info,android,5,1,0.21,89,19,A,0
U01300,sitioC,alerta,android,23,5,0.12,9,9,A,0
U01301,sitioA,promo,ios,13,0,0.97,77,28,B,0
U01302,sitioA,info,windows,11,2,0.02,48,8,C,0
U01303,sitioC,promo,ios,3,6,0.8,40,19,B,0
U01304,sitioC,promo,windows,22,3,0.79,82,18,C,0
U01305,sitioC,info,ios,5,1,0.3,29,13,B,0
U01306,sitioB,info,android,9,2,0.14,4,1,A,0
U01307,sitioB,promo,android,17,2,0.15,94,4,B,0
U01308,sitioC,promo,android,14,5,0.7,70,19,B,0
U01309,sitioB,alerta,windows,7,3,0.64,82,28,C,0
U01310,sitioB,alerta,windows,8,2,0.78,30,28,C,0
U01311,sitioA,info,ios,4,5,0.94,51,7,B,1
U01312,sitioC,alerta,ios,9,0,0.69,87,6,C,1
U01313,sitioC,alerta,android,19,5,0.16,97,5,C,0
U01314,sitioB,alerta,windows,5,0,0.24,22,10,C,0
U01315,sitioC,alerta,ios,15,0,0.84,47,11,C,0
U01316,sitioA,promo,windows,23,6,0.21,39,17,C,0
U01317,sitioA,info,windows,2,6,0.07,5,18,B,0
U01318,sitioA,alerta,android,9,2,0.7,37,9,C,1
U01319,sitioC,promo,android,10,5,0.4,40,24,A,0
U01320,sitioC,promo,windows,10,6,0.92,99,28,B,0
U01321,sitioC,promo,windows,16,0,0.65,26,24,B,0
U01322,sitioC,alerta,windows,3,6,0.09,74,20,B,0
U01323,sitioC,alerta,windows,3,3,0.95,68,13,C,0
U01324,sitioA,info,android,16,2,0.26,56,2,A,0
U01325,sitioB,alerta,ios,8,5,0.34,16,17,C,0
U01326,sitioA,alerta,android,18,5,0.4,70,23,B,0
U01327,sitioC,promo,ios,4,4,0.05,90,14,B,0
U01328,sitioA,info,windows,21,5,0.5,46,5,B,0
U01329,sitioC,alerta,ios,23,2,0.12,78,9,B,0
U01330,sitioC,alerta,android,5,3,0.4,12,26,C,0
U01331,sitioA,promo,android,2,5,0.35,10,11,A,0
U01332,sitioC,promo,windows,21,4,0.77,89,6,A,1
U01333,sitioB,alerta,android,0,2,0.8,85,16,B,0
U01334,sitioC,info,windows,19,0,0.15,91,0,A,0
U01335,sitioB,info,android,21,1,0.37,23,25,B,0
U01336,sitioB,promo,android,15,1,0.37,92,17,B,0
U01337,sitioC,promo,windows,22,0,0.15,72,25,A,0
U01338,sitioA,alerta,ios,10,6,0.8,3,14,B,0
U01339,sitioB,promo,android,12,5,0.71,45,18,A,0
U01340,sitioA,alerta,ios,9,1,0.19,17,27,B,0
U01341,sitioB,info,android,2,6,0.37,42,0,A,0
U01342,sitioC,info,android,8,1,0.11,79,29,B,0
U01343,sitioC,alerta,android,11,0,0.63,32,4,A,1
U01344,sitioB,promo,android,22,5,0.12,92,14,B,0
U01345,sitioC,info,ios,13,5,0.99,9,2,B,1
U01346,sitioB,promo,ios,0,6,0.78,72,0,B,1
U01347,sitioC,info,android,17,0,0.39,58,7,A,0
U01348,sitioA,alerta,android,16,6,0.58,30,11,C,0
U01349,sitioC,alerta,ios,8,5,0.91,27,26,B,0
U01350,sitioA,alerta,windows,8,5,0.55,59,21,B,0
U01351,sitioC,info,windows,22,2,0.17,2,24,A,0
U01352,sitioA,promo,ios,9,6,0.38,54,18,B,0
U01353,sitioC,promo,android,18,2,0.84,13,24,B,0
U01354,sitioA,promo,android,14,0,0.64,57,24,B,0
U01355,sitioB,info,windows,4,3,0.65,88,11,B,0
U01356,sitioB,info,windows,14,1,0.87,14,12,C,0
U01357,sitioA,info,ios,19,2,0.89,1,27,C,0
U01358,sitioC,info,windows,22,1,0.92,23,0,B,1
U01359,sitioA,info,ios,1,4,0.09,77,18,B,0
U01360,sitioC,promo,windows,12,0,0.54,63,5,B,1
U01361,sitioB,info,windows,23,3,0.74,70,7,C,1
U01362,sitioC,info,windows,15,4,0.76,99,3,C,1
U01363,sitioB,promo,android,14,4,0.61,23,4,A,1
U01364,sitioC,info,android,9,5,0.17,26,24,A,0
U01365,sitioC,promo,android,13,4,0.8,36,21,B,0
U01366,sitioC,promo,windows,9,0,0.72,93,27,B,0
U01367,sitioA,alerta,ios,13,2,0.09,90,6,C,0
U01368,sitioA,alerta,ios,22,0,0.46,38,22,B,0
U01369,sitioB,alerta,ios,8,2,0.17,62,3,B,0
U01370,sitioB,alerta,ios,13,4,0.34,78,19,C,0
U01371,sitioA,info,android,2,4,0.02,25,3,C,0
U01372,sitioB,alerta,android,19,3,0.4,64,29,C,0
U01373,sitioA,promo,windows,15,2,0.55,3,14,C,0
U01374,sitioC,info,windows,1,4,0.62,28,26,A,0
U01375,sitioB,alerta,ios,9,5,0.66,0,20,C,0
U01376,sitioB,promo,android,2,1,0.84,49,4,C,1
U01377,sitioA,info,ios,10,3,0.22,85,23,B,0
U01378,sitioB,info,windows,10,0,0.12,10,8,B,0
U01379,sitioB,alerta,windows,20,3,0.85,73,1,B,1
U01380,sitioC,info,ios,20,1,0.16,58,26,A,0
U01381,sitioB,promo,windows,21,2,0.97,61,6,C,1
U01382,sitioC,info,ios,12,0,0.84,80,16,C,0
U01383,sitioA,promo,android,6,0,0.5,35,15,A,0
U01384,sitioB,info,ios,22,2,0.98,55,16,C,0
U01385,sitioC,alerta,android,16,6,0.1,89,19,B,0
U01386,sitioA,promo,android,1,6,0.3,20,25,A,0
U01387,sitioB,info,windows,11,3,0.64,12,22,C,0
U01388,sitioA,info,windows,9,4,0.35,8,1,A,0
U01389,sitioB,info,windows,17,6,0.93,10,10,A,0
U01390,sitioA,promo,ios,21,3,0.07,74,1,C,0
U01391,sitioA,promo,ios,10,6,0.55,69,0,B,1
U01392,sitioC,promo,windows,15,1,0.59,0,25,C,0
U01393,sitioA,alerta,ios,16,5,0.65,69,1,C,1
U01394,sitioB,alerta,windows,18,4,0.26,76,28,B,0
U01395,sitioB,promo,ios,17,3,0.36,85,22,C,0
U01396,sitioC,info,android,2,5,0.84,55,8,C,1
U01397,sitioB,alerta,android,20,5,0.19,30,21,C,0
U01398,sitioB,promo,windows,15,6,0.83,85,25,A,0
U01399,sitioB,info,ios,5,2,0.56,36,1,A,1
U01400,sitioA,alerta,ios,11,1,0.76,46,27,A,0
U01401,sitioA,info,android,10,1,0.71,90,14,C,0
U01402,sitioB,info,android,14,1,0.21,77,9,B,0
U01403,sitioC,info,windows,14,4,0.57,46,14,A,0
U01404,sitioA,info,android,15,0,0.87,68,9,B,1
U01405,sitioC,alerta,windows,9,4,0.43,57,28,C,0
U01406,sitioB,alerta,android,11,3,0.97,35,24,A,0
U01407,sitioB,alerta,android,12,5,0.45,31,22,C,0
U01408,sitioA,promo,ios,3,5,0.14,97,26,B,0
U01409,sitioB,alerta,android,6,0,0.39,63,16,A,0
U01410,sitioA,info,android,21,3,0.95,70,27,A,0
U01411,sitioB,alerta,windows,1,0,0.32,41,8,A,0
U01412,sitioB,info,android,14,5,0.87,47,17,A,0
U01413,sitioA,promo,windows,7,6,0.88,73,3,B,1
U01414,sitioA,info,android,6,4,0.35,80,8,A,0
U01415,sitioA,info,android,14,1,0.08,29,15,C,0
U01416,sitioB,info,windows,22,5,0.72,20,3,A,1
U01417,sitioB,promo,ios,13,2,0.31,59,15,B,0
U01418,sitioC,alerta,windows,7,1,0.78,12,18,A,0
U01419,sitioA,alerta,windows,11,5,0.44,0,0,B,0
U01420,sitioB,promo,windows,12,4,0.49,64,22,B,0
U01421,sitioB,info,ios,10,0,0.78,32,5,C,1
U01422,sitioA,alerta,android,16,6,0.38,37,9,A,0
U01423,sitioC,promo,windows,16,6,0.44,24,15,A,0
U01424,sitioA,alerta,windows,23,1,0.38,25,3,A,0
U01425,sitioC,promo,ios,3,4,0.37,76,21,C,0
U01426,sitioB,info,windows,20,6,0.53,58,21,C,0
U01427,sitioC,alerta,android,7,6,0.81,91,12,B,0
U01428,sitioB,promo,ios,4,3,0.36,32,15,B,0
U01429,sitioA,alerta,android,15,2,0.52,40,19,B,0
U01430,sitioA,alerta,android,3,1,0.67,29,29,C,0
U01431,sitioA,alerta,ios,21,0,0.27,56,28,C,0
U01432,sitioC,alerta,windows,14,6,0.28,48,5,C,0
U01433,sitioB,promo,android,11,3,0.93,47,25,B,0
U01434,sitioA,info,android,4,4,0.72,71,10,C,0
U01435,sitioA,promo,android,22,6,0.58,48,23,B,0
U01436,sitioB,promo,android,15,2,0.65,46,28,B,0
U01437,sitioA,promo,ios,13,0,0.03,55,2,A,0
U01438,sitioB,info,ios,9,4,0.62,64,19,A,0
U01439,sitioB,alerta,android,6,4,0.51,11,9,A,1
U01440,sitioB,alerta,windows,12,1,0.55,68,28,B,0
U01441,sitioB,alerta,android,19,6,0.36,87,27,A,0
U01442,sitioB,info,windows,4,1,0.08,5,29,A,0
U01443,sitioC,alerta,android,2,0,0.19,88,0,A,0
U01444,sitioA,info,windows,14,6,0.95,64,19,C,0
U01445,sitioC,alerta,android,3,5,0.41,24,10,B,0
U01446,sitioA,alerta,windows,14,6,0.47,0,25,A,0
U01447,sitioC,promo,android,13,5,0.05,31,25,C,0
U01448,sitioB,info,android,19,4,0.04,2,11,C,0
U01449,sitioA,promo,windows,18,1,0.72,48,13,C,0
U01450,sitioA,promo,ios,12,2,0.54,18,24,A,0
U01451,sitioC,promo,windows,9,6,0.51,59,7,C,1
U01452,sitioC,info,ios,20,2,0.24,28,10,B,0
U01453,sitioA,info,android,4,6,0.74,49,3,C,1
U01454,sitioC,alerta,windows,22,4,0.17,1,27,C,0
U01455,sitioC,promo,windows,19,1,0.19,72,6,C,0
U01456,sitioC,alerta,windows,19,0,0.46,55,9,C,0
U01457,sitioB,promo,ios,5,0,0.29,16,18,B,0
U01458,sitioB,info,ios,3,0,0.25,59,24,A,0
U01459,sitioC,info,android,1,6,0.65,35,25,B,0
U01460,sitioC,info,ios,21,6,0.65,60,3,B,1
U01461,sitioB,promo,ios,15,2,0.82,16,1,A,1
U01462,sitioB,info,android,17,1,0.42,48,25,C,0
U01463,sitioA,promo,windows,4,6,0.07,75,20,A,0
U01464,sitioA,alerta,windows,21,1,0.27,59,17,A,0
U01465,sitioB,promo,android,3,2,0.98,19,13,B,0
U01466,sitioC,alerta,windows,12,6,0.6,49,25,A,0
U01467,sitioC,promo,ios,18,0,0.71,2,15,C,0
U01468,sitioC,alerta,android,22,0,0.01,42,21,B,0
U01469,sitioC,info,android,1,4,0.52,56,10,C,0
U01470,sitioA,alerta,android,12,5,0.04,49,9,B,0
U01471,sitioB,info,windows,10,3,0.57,67,16,C,0
U01472,sitioC,info,android,21,5,0.92,80,13,A,0
U01473,sitioA,alerta,android,3,6,0.97,49,21,A,0
U01474,sitioC,promo,android,21,1,0.54,36,3,A,1
U01475,sitioB,promo,windows,19,6,0.46,45,18,C,0
U01476,sitioA,promo,ios,19,1,0.95,41,1,B,1
U01477,sitioB,promo,android,14,1,0.67,14,6,B,1
U01478,sitioB,promo,ios,3,5,0.06,32,8,B,0
U01479,sitioA,info,windows,8,3,0.47,79,27,A,0
U01480,sitioA,promo,windows,6,4,0.24,10,18,C,0
U01481,sitioA,info,windows,18,5,0.47,19,15,B,0
U01482,sitioA,info,windows,18,3,0.46,23,21,C,0
U01483,sitioA,info,ios,5,0,0.58,63,24,B,0
U01484,sitioA,alerta,android,5,0,0.36,79,15,A,0
U01485,sitioA,alerta,windows,19,1,0.16,93,17,C,0
U01486,sitioC,info,windows,14,2,0.5,97,22,B,0
U01487,sitioB,alerta,ios,14,6,0.83,64,20,B,0
U01488,sitioA,promo,ios,19,6,0.66,87,20,B,0
U01489,sitioC,promo,windows,8,1,0.34,87,10,B,0
U01490,sitioC,info,android,3,2,0.94,72,6,A,1
U01491,sitioC,promo,android,17,3,0.91,85,8,B,1
U01492,sitioB,info,windows,17,0,0.21,75,3,B,0
U01493,sitioA,info,ios,4,6,0.04,16,24,A,0
U01494,sitioC,promo,windows,19,5,0.74,88,29,B,0
U01495,sitioB,alerta,windows,22,2,0.83,91,12,C,0
U01496,sitioB,promo,ios,10,3,0.97,60,26,C,0
U01497,sitioB,promo,windows,4,0,0.89,14,25,B,0
U01498,sitioC,info,windows,21,5,0.6,93,24,A,0
U01499,sitioA,info,windows,3,2,0.53,50,28,A,0
